,img_id,label,sublabel,size,height,width,path,split
8211,2005,nevus,nev,"(450, 600, 3)",450,600,../data/binary/train/nevus/nev02005.jpg,train
10349,3045,nevus,nev,"(680, 1024, 3)",680,1024,../data/binary/train/nevus/nev03045.jpg,train
7087,1714,nevus,nev,"(768, 1024, 3)",768,1024,../data/binary/train/nevus/nev01714.jpg,train
6408,6957,nevus,nev,"(1024, 1024, 3)",1024,1024,../data/binary/train/nevus/nev06957.jpg,train
4482,479,nevus,nev,"(450, 600, 3)",450,600,../data/binary/train/nevus/nev00479.jpg,train
11486,7377,nevus,nev,"(450, 600, 3)",450,600,../data/binary/train/nevus/nev07377.jpg,train
3890,554,nevus,nev,"(1024, 1024, 3)",1024,1024,../data/binary/train/nevus/nev00554.jpg,train
3980,587,nevus,nev,"(1024, 1024, 3)",1024,1024,../data/binary/train/nevus/nev00587.jpg,train
10782,412,nevus,nev,"(450, 600, 3)",450,600,../data/binary/train/nevus/nev00412.jpg,train
9667,723,nevus,nev,"(450, 600, 3)",450,600,../data/binary/train/nevus/nev00723.jpg,train
9431,4624,nevus,nev,"(450, 600, 3)",450,600,../data/binary/train/nevus/nev04624.jpg,train
5841,154,nevus,nev,"(450, 600, 3)",450,600,../data/binary/train/nevus/nev00154.jpg,train
10745,4450,nevus,nev,"(450, 600, 3)",450,600,../data/binary/train/nevus/nev04450.jpg,train
11441,3536,nevus,nev,"(450, 600, 3)",450,600,../data/binary/train/nevus/nev03536.jpg,train
10075,3414,nevus,nev,"(450, 600, 3)",450,600,../data/binary/train/nevus/nev03414.jpg,train
7564,2652,nevus,nev,"(450, 600, 3)",450,600,../data/binary/train/nevus/nev02652.jpg,train
9239,6468,nevus,nev,"(450, 600, 3)",450,600,../data/binary/train/nevus/nev06468.jpg,train
11374,6567,nevus,nev,"(1024, 1024, 3)",1024,1024,../data/binary/train/nevus/nev06567.jpg,train
5063,6255,nevus,nev,"(450, 600, 3)",450,600,../data/binary/train/nevus/nev06255.jpg,train
9653,1611,nevus,nev,"(1024, 1024, 3)",1024,1024,../data/binary/train/nevus/nev01611.jpg,train
11153,1049,nevus,nev,"(450, 600, 3)",450,600,../data/binary/train/nevus/nev01049.jpg,train
4072,6327,nevus,nev,"(450, 600, 3)",450,600,../data/binary/train/nevus/nev06327.jpg,train
9620,6990,nevus,nev,"(450, 600, 3)",450,600,../data/binary/train/nevus/nev06990.jpg,train
6753,4896,nevus,nev,"(450, 600, 3)",450,600,../data/binary/train/nevus/nev04896.jpg,train
6801,7385,nevus,nev,"(450, 600, 3)",450,600,../data/binary/train/nevus/nev07385.jpg,train
4520,318,nevus,nev,"(768, 1024, 3)",768,1024,../data/binary/train/nevus/nev00318.jpg,train
8759,2812,nevus,nev,"(450, 600, 3)",450,600,../data/binary/train/nevus/nev02812.jpg,train
11477,4216,nevus,nev,"(1024, 1024, 3)",1024,1024,../data/binary/train/nevus/nev04216.jpg,train
10169,5095,nevus,nev,"(450, 600, 3)",450,600,../data/binary/train/nevus/nev05095.jpg,train
5653,3482,nevus,nev,"(450, 600, 3)",450,600,../data/binary/train/nevus/nev03482.jpg,train
8755,5819,nevus,nev,"(450, 600, 3)",450,600,../data/binary/train/nevus/nev05819.jpg,train
9881,4219,nevus,nev,"(450, 600, 3)",450,600,../data/binary/train/nevus/nev04219.jpg,train
11166,3702,nevus,nev,"(1024, 1024, 3)",1024,1024,../data/binary/train/nevus/nev03702.jpg,train
4216,3371,nevus,nev,"(682, 1024, 3)",682,1024,../data/binary/train/nevus/nev03371.jpg,train
8182,2527,nevus,nev,"(682, 1024, 3)",682,1024,../data/binary/train/nevus/nev02527.jpg,train
3837,6710,nevus,nev,"(450, 600, 3)",450,600,../data/binary/train/nevus/nev06710.jpg,train
5461,1260,nevus,nev,"(680, 1024, 3)",680,1024,../data/binary/train/nevus/nev01260.jpg,train
7246,2074,nevus,nev,"(1024, 1024, 3)",1024,1024,../data/binary/train/nevus/nev02074.jpg,train
4955,149,nevus,nev,"(1024, 1024, 3)",1024,1024,../data/binary/train/nevus/nev00149.jpg,train
4026,2529,nevus,nev,"(683, 1024, 3)",683,1024,../data/binary/train/nevus/nev02529.jpg,train
6383,5158,nevus,nev,"(450, 600, 3)",450,600,../data/binary/train/nevus/nev05158.jpg,train
4789,5403,nevus,nev,"(1024, 1024, 3)",1024,1024,../data/binary/train/nevus/nev05403.jpg,train
8117,6491,nevus,nev,"(450, 600, 3)",450,600,../data/binary/train/nevus/nev06491.jpg,train
11499,7156,nevus,nev,"(802, 919, 3)",802,919,../data/binary/train/nevus/nev07156.jpg,train
8838,3729,nevus,nev,"(1024, 1024, 3)",1024,1024,../data/binary/train/nevus/nev03729.jpg,train
5714,5737,nevus,nev,"(1024, 1024, 3)",1024,1024,../data/binary/train/nevus/nev05737.jpg,train
7104,3801,nevus,nev,"(450, 600, 3)",450,600,../data/binary/train/nevus/nev03801.jpg,train
4001,1560,nevus,nev,"(450, 600, 3)",450,600,../data/binary/train/nevus/nev01560.jpg,train
7147,6167,nevus,nev,"(1024, 1024, 3)",1024,1024,../data/binary/train/nevus/nev06167.jpg,train
4379,5305,nevus,nev,"(1024, 1024, 3)",1024,1024,../data/binary/train/nevus/nev05305.jpg,train
8276,6712,nevus,nev,"(682, 1024, 3)",682,1024,../data/binary/train/nevus/nev06712.jpg,train
11274,818,nevus,nev,"(450, 600, 3)",450,600,../data/binary/train/nevus/nev00818.jpg,train
11395,350,nevus,nev,"(682, 1024, 3)",682,1024,../data/binary/train/nevus/nev00350.jpg,train
5664,1256,nevus,nev,"(1024, 1024, 3)",1024,1024,../data/binary/train/nevus/nev01256.jpg,train
6311,4728,nevus,nev,"(450, 600, 3)",450,600,../data/binary/train/nevus/nev04728.jpg,train
6371,167,nevus,nev,"(450, 600, 3)",450,600,../data/binary/train/nevus/nev00167.jpg,train
5930,4441,nevus,nev,"(1024, 1024, 3)",1024,1024,../data/binary/train/nevus/nev04441.jpg,train
5075,4919,nevus,nev,"(689, 1024, 3)",689,1024,../data/binary/train/nevus/nev04919.jpg,train
5583,5148,nevus,nev,"(681, 1024, 3)",681,1024,../data/binary/train/nevus/nev05148.jpg,train
3927,978,nevus,nev,"(450, 600, 3)",450,600,../data/binary/train/nevus/nev00978.jpg,train
6914,5774,nevus,nev,"(1024, 1024, 3)",1024,1024,../data/binary/train/nevus/nev05774.jpg,train
6693,3275,nevus,nev,"(450, 600, 3)",450,600,../data/binary/train/nevus/nev03275.jpg,train
10619,6921,nevus,nev,"(680, 1024, 3)",680,1024,../data/binary/train/nevus/nev06921.jpg,train
9558,6380,nevus,nev,"(450, 600, 3)",450,600,../data/binary/train/nevus/nev06380.jpg,train
11302,5290,nevus,nev,"(450, 600, 3)",450,600,../data/binary/train/nevus/nev05290.jpg,train
7560,5220,nevus,nev,"(1024, 1024, 3)",1024,1024,../data/binary/train/nevus/nev05220.jpg,train
7139,2055,nevus,nev,"(450, 600, 3)",450,600,../data/binary/train/nevus/nev02055.jpg,train
4821,722,nevus,nev,"(450, 600, 3)",450,600,../data/binary/train/nevus/nev00722.jpg,train
6468,5493,nevus,nev,"(1024, 1024, 3)",1024,1024,../data/binary/train/nevus/nev05493.jpg,train
11174,3066,nevus,nev,"(450, 600, 3)",450,600,../data/binary/train/nevus/nev03066.jpg,train
10959,749,nevus,nev,"(450, 600, 3)",450,600,../data/binary/train/nevus/nev00749.jpg,train
3816,25,nevus,nev,"(1024, 1024, 3)",1024,1024,../data/binary/train/nevus/nev00025.jpg,train
5356,7402,nevus,nev,"(768, 1024, 3)",768,1024,../data/binary/train/nevus/nev07402.jpg,train
11240,1852,nevus,nev,"(450, 600, 3)",450,600,../data/binary/train/nevus/nev01852.jpg,train
5826,6275,nevus,nev,"(450, 600, 3)",450,600,../data/binary/train/nevus/nev06275.jpg,train
6061,3923,nevus,nev,"(1024, 1024, 3)",1024,1024,../data/binary/train/nevus/nev03923.jpg,train
10021,6245,nevus,nev,"(1024, 1024, 3)",1024,1024,../data/binary/train/nevus/nev06245.jpg,train
8458,4476,nevus,nev,"(1024, 1024, 3)",1024,1024,../data/binary/train/nevus/nev04476.jpg,train
8843,2036,nevus,nev,"(1024, 1024, 3)",1024,1024,../data/binary/train/nevus/nev02036.jpg,train
10983,4375,nevus,nev,"(450, 600, 3)",450,600,../data/binary/train/nevus/nev04375.jpg,train
4848,5574,nevus,nev,"(450, 600, 3)",450,600,../data/binary/train/nevus/nev05574.jpg,train
4925,5480,nevus,nev,"(768, 1024, 3)",768,1024,../data/binary/train/nevus/nev05480.jpg,train
7717,6876,nevus,nev,"(450, 600, 3)",450,600,../data/binary/train/nevus/nev06876.jpg,train
10432,4520,nevus,nev,"(450, 600, 3)",450,600,../data/binary/train/nevus/nev04520.jpg,train
9276,4902,nevus,nev,"(450, 600, 3)",450,600,../data/binary/train/nevus/nev04902.jpg,train
8123,4944,nevus,nev,"(450, 600, 3)",450,600,../data/binary/train/nevus/nev04944.jpg,train
4518,2815,nevus,nev,"(450, 600, 3)",450,600,../data/binary/train/nevus/nev02815.jpg,train
8868,591,nevus,nev,"(1024, 1024, 3)",1024,1024,../data/binary/train/nevus/nev00591.jpg,train
4989,516,nevus,nev,"(1024, 1024, 3)",1024,1024,../data/binary/train/nevus/nev00516.jpg,train
10510,1922,nevus,nev,"(450, 600, 3)",450,600,../data/binary/train/nevus/nev01922.jpg,train
5964,1608,nevus,nev,"(1024, 1024, 3)",1024,1024,../data/binary/train/nevus/nev01608.jpg,train
10438,6998,nevus,nev,"(1024, 1024, 3)",1024,1024,../data/binary/train/nevus/nev06998.jpg,train
8750,3736,nevus,nev,"(1024, 1024, 3)",1024,1024,../data/binary/train/nevus/nev03736.jpg,train
4019,6005,nevus,nev,"(1024, 1024, 3)",1024,1024,../data/binary/train/nevus/nev06005.jpg,train
10592,7215,nevus,nev,"(450, 600, 3)",450,600,../data/binary/train/nevus/nev07215.jpg,train
3896,6270,nevus,nev,"(450, 600, 3)",450,600,../data/binary/train/nevus/nev06270.jpg,train
6599,833,nevus,nev,"(542, 718, 3)",542,718,../data/binary/train/nevus/nev00833.jpg,train
9225,6916,nevus,nev,"(450, 600, 3)",450,600,../data/binary/train/nevus/nev06916.jpg,train
8070,653,nevus,nev,"(1024, 1024, 3)",1024,1024,../data/binary/train/nevus/nev00653.jpg,train
6537,1645,nevus,nev,"(450, 600, 3)",450,600,../data/binary/train/nevus/nev01645.jpg,train
9890,4210,nevus,nev,"(768, 1024, 3)",768,1024,../data/binary/train/nevus/nev04210.jpg,train
7693,6467,nevus,nev,"(450, 600, 3)",450,600,../data/binary/train/nevus/nev06467.jpg,train
7352,5494,nevus,nev,"(450, 600, 3)",450,600,../data/binary/train/nevus/nev05494.jpg,train
4858,1914,nevus,nev,"(450, 600, 3)",450,600,../data/binary/train/nevus/nev01914.jpg,train
5808,3265,nevus,nev,"(1024, 1024, 3)",1024,1024,../data/binary/train/nevus/nev03265.jpg,train
4963,469,nevus,nev,"(450, 600, 3)",450,600,../data/binary/train/nevus/nev00469.jpg,train
11272,461,nevus,nev,"(450, 600, 3)",450,600,../data/binary/train/nevus/nev00461.jpg,train
8872,1171,nevus,nev,"(686, 1024, 3)",686,1024,../data/binary/train/nevus/nev01171.jpg,train
11058,3279,nevus,nev,"(450, 600, 3)",450,600,../data/binary/train/nevus/nev03279.jpg,train
3810,6059,nevus,nev,"(450, 600, 3)",450,600,../data/binary/train/nevus/nev06059.jpg,train
8036,4809,nevus,nev,"(450, 600, 3)",450,600,../data/binary/train/nevus/nev04809.jpg,train
6716,2071,nevus,nev,"(1024, 1024, 3)",1024,1024,../data/binary/train/nevus/nev02071.jpg,train
5195,3526,nevus,nev,"(450, 600, 3)",450,600,../data/binary/train/nevus/nev03526.jpg,train
3882,6580,nevus,nev,"(1024, 1024, 3)",1024,1024,../data/binary/train/nevus/nev06580.jpg,train
8737,4833,nevus,nev,"(450, 600, 3)",450,600,../data/binary/train/nevus/nev04833.jpg,train
10370,2958,nevus,nev,"(1024, 1024, 3)",1024,1024,../data/binary/train/nevus/nev02958.jpg,train
10491,3973,nevus,nev,"(1024, 1024, 3)",1024,1024,../data/binary/train/nevus/nev03973.jpg,train
10319,6367,nevus,nev,"(450, 600, 3)",450,600,../data/binary/train/nevus/nev06367.jpg,train
10505,5693,nevus,nev,"(450, 600, 3)",450,600,../data/binary/train/nevus/nev05693.jpg,train
10756,3740,nevus,nev,"(450, 600, 3)",450,600,../data/binary/train/nevus/nev03740.jpg,train
5755,1248,nevus,nev,"(680, 1024, 3)",680,1024,../data/binary/train/nevus/nev01248.jpg,train
3984,964,nevus,nev,"(767, 1022, 3)",767,1022,../data/binary/train/nevus/nev00964.jpg,train
10476,1686,nevus,nev,"(768, 1024, 3)",768,1024,../data/binary/train/nevus/nev01686.jpg,train
11055,881,nevus,nev,"(450, 600, 3)",450,600,../data/binary/train/nevus/nev00881.jpg,train
10177,3944,nevus,nev,"(450, 600, 3)",450,600,../data/binary/train/nevus/nev03944.jpg,train
10786,5754,nevus,nev,"(450, 600, 3)",450,600,../data/binary/train/nevus/nev05754.jpg,train
9016,4440,nevus,nev,"(450, 600, 3)",450,600,../data/binary/train/nevus/nev04440.jpg,train
10978,724,nevus,nev,"(1024, 1024, 3)",1024,1024,../data/binary/train/nevus/nev00724.jpg,train
4677,2870,nevus,nev,"(450, 600, 3)",450,600,../data/binary/train/nevus/nev02870.jpg,train
7335,3582,nevus,nev,"(1024, 1024, 3)",1024,1024,../data/binary/train/nevus/nev03582.jpg,train
8970,3467,nevus,nev,"(450, 600, 3)",450,600,../data/binary/train/nevus/nev03467.jpg,train
10285,2079,nevus,nev,"(450, 600, 3)",450,600,../data/binary/train/nevus/nev02079.jpg,train
6767,4080,nevus,nev,"(576, 767, 3)",576,767,../data/binary/train/nevus/nev04080.jpg,train
6891,2010,nevus,nev,"(450, 600, 3)",450,600,../data/binary/train/nevus/nev02010.jpg,train
7277,6160,nevus,nev,"(1024, 1024, 3)",1024,1024,../data/binary/train/nevus/nev06160.jpg,train
4328,2212,nevus,nev,"(450, 600, 3)",450,600,../data/binary/train/nevus/nev02212.jpg,train
7159,4411,nevus,nev,"(450, 600, 3)",450,600,../data/binary/train/nevus/nev04411.jpg,train
11229,6642,nevus,nev,"(1024, 1024, 3)",1024,1024,../data/binary/train/nevus/nev06642.jpg,train
5256,4669,nevus,nev,"(450, 600, 3)",450,600,../data/binary/train/nevus/nev04669.jpg,train
7184,3076,nevus,nev,"(450, 600, 3)",450,600,../data/binary/train/nevus/nev03076.jpg,train
6291,3704,nevus,nev,"(450, 600, 3)",450,600,../data/binary/train/nevus/nev03704.jpg,train
4377,3620,nevus,nev,"(450, 600, 3)",450,600,../data/binary/train/nevus/nev03620.jpg,train
6514,2998,nevus,nev,"(1024, 1024, 3)",1024,1024,../data/binary/train/nevus/nev02998.jpg,train
10203,4193,nevus,nev,"(450, 600, 3)",450,600,../data/binary/train/nevus/nev04193.jpg,train
5799,5540,nevus,nev,"(1024, 1024, 3)",1024,1024,../data/binary/train/nevus/nev05540.jpg,train
11113,7539,nevus,nev,"(450, 600, 3)",450,600,../data/binary/train/nevus/nev07539.jpg,train
4548,5175,nevus,nev,"(450, 600, 3)",450,600,../data/binary/train/nevus/nev05175.jpg,train
4339,2092,nevus,nev,"(450, 600, 3)",450,600,../data/binary/train/nevus/nev02092.jpg,train
8844,168,nevus,nev,"(450, 600, 3)",450,600,../data/binary/train/nevus/nev00168.jpg,train
6881,4371,nevus,nev,"(450, 600, 3)",450,600,../data/binary/train/nevus/nev04371.jpg,train
10707,4128,nevus,nev,"(1024, 1024, 3)",1024,1024,../data/binary/train/nevus/nev04128.jpg,train
9242,4815,nevus,nev,"(1024, 1024, 3)",1024,1024,../data/binary/train/nevus/nev04815.jpg,train
7251,2598,nevus,nev,"(768, 1024, 3)",768,1024,../data/binary/train/nevus/nev02598.jpg,train
9163,1491,nevus,nev,"(1024, 1024, 3)",1024,1024,../data/binary/train/nevus/nev01491.jpg,train
11259,3955,nevus,nev,"(450, 600, 3)",450,600,../data/binary/train/nevus/nev03955.jpg,train
10512,6703,nevus,nev,"(450, 600, 3)",450,600,../data/binary/train/nevus/nev06703.jpg,train
6013,4169,nevus,nev,"(450, 600, 3)",450,600,../data/binary/train/nevus/nev04169.jpg,train
8076,5776,nevus,nev,"(450, 600, 3)",450,600,../data/binary/train/nevus/nev05776.jpg,train
11370,3401,nevus,nev,"(1024, 1024, 3)",1024,1024,../data/binary/train/nevus/nev03401.jpg,train
9230,4181,nevus,nev,"(450, 600, 3)",450,600,../data/binary/train/nevus/nev04181.jpg,train
8049,854,nevus,nev,"(450, 600, 3)",450,600,../data/binary/train/nevus/nev00854.jpg,train
6622,4304,nevus,nev,"(450, 600, 3)",450,600,../data/binary/train/nevus/nev04304.jpg,train
6525,1635,nevus,nev,"(450, 600, 3)",450,600,../data/binary/train/nevus/nev01635.jpg,train
10728,1682,nevus,nev,"(1024, 1024, 3)",1024,1024,../data/binary/train/nevus/nev01682.jpg,train
6189,6824,nevus,nev,"(450, 600, 3)",450,600,../data/binary/train/nevus/nev06824.jpg,train
7112,6445,nevus,nev,"(1024, 1024, 3)",1024,1024,../data/binary/train/nevus/nev06445.jpg,train
4312,213,nevus,nev,"(1024, 1024, 3)",1024,1024,../data/binary/train/nevus/nev00213.jpg,train
7411,4120,nevus,nev,"(1024, 1024, 3)",1024,1024,../data/binary/train/nevus/nev04120.jpg,train
5267,2078,nevus,nev,"(1024, 1024, 3)",1024,1024,../data/binary/train/nevus/nev02078.jpg,train
6644,3985,nevus,nev,"(450, 600, 3)",450,600,../data/binary/train/nevus/nev03985.jpg,train
10681,3798,nevus,nev,"(682, 1024, 3)",682,1024,../data/binary/train/nevus/nev03798.jpg,train
11180,2715,nevus,nev,"(1024, 1024, 3)",1024,1024,../data/binary/train/nevus/nev02715.jpg,train
8333,3555,nevus,nev,"(450, 600, 3)",450,600,../data/binary/train/nevus/nev03555.jpg,train
9996,2269,nevus,nev,"(450, 600, 3)",450,600,../data/binary/train/nevus/nev02269.jpg,train
4095,3199,nevus,nev,"(450, 600, 3)",450,600,../data/binary/train/nevus/nev03199.jpg,train
11431,5395,nevus,nev,"(1024, 1024, 3)",1024,1024,../data/binary/train/nevus/nev05395.jpg,train
10215,4665,nevus,nev,"(450, 600, 3)",450,600,../data/binary/train/nevus/nev04665.jpg,train
8122,1245,nevus,nev,"(1024, 1024, 3)",1024,1024,../data/binary/train/nevus/nev01245.jpg,train
7180,7027,nevus,nev,"(450, 600, 3)",450,600,../data/binary/train/nevus/nev07027.jpg,train
6639,4253,nevus,nev,"(680, 1024, 3)",680,1024,../data/binary/train/nevus/nev04253.jpg,train
7435,7246,nevus,nev,"(542, 722, 3)",542,722,../data/binary/train/nevus/nev07246.jpg,train
4463,1084,nevus,nev,"(450, 600, 3)",450,600,../data/binary/train/nevus/nev01084.jpg,train
8568,3350,nevus,nev,"(450, 600, 3)",450,600,../data/binary/train/nevus/nev03350.jpg,train
4629,4198,nevus,nev,"(1024, 1024, 3)",1024,1024,../data/binary/train/nevus/nev04198.jpg,train
5588,6789,nevus,nev,"(1024, 1024, 3)",1024,1024,../data/binary/train/nevus/nev06789.jpg,train
10185,1396,nevus,nev,"(682, 1024, 3)",682,1024,../data/binary/train/nevus/nev01396.jpg,train
5723,7415,nevus,nev,"(450, 600, 3)",450,600,../data/binary/train/nevus/nev07415.jpg,train
4180,5899,nevus,nev,"(450, 600, 3)",450,600,../data/binary/train/nevus/nev05899.jpg,train
9999,834,nevus,nev,"(450, 600, 3)",450,600,../data/binary/train/nevus/nev00834.jpg,train
4407,4235,nevus,nev,"(450, 600, 3)",450,600,../data/binary/train/nevus/nev04235.jpg,train
9932,4014,nevus,nev,"(450, 600, 3)",450,600,../data/binary/train/nevus/nev04014.jpg,train
4716,3622,nevus,nev,"(450, 600, 3)",450,600,../data/binary/train/nevus/nev03622.jpg,train
5767,247,nevus,nev,"(450, 600, 3)",450,600,../data/binary/train/nevus/nev00247.jpg,train
5546,1737,nevus,nev,"(450, 600, 3)",450,600,../data/binary/train/nevus/nev01737.jpg,train
7218,5891,nevus,nev,"(1024, 1024, 3)",1024,1024,../data/binary/train/nevus/nev05891.jpg,train
4444,5523,nevus,nev,"(1024, 1024, 3)",1024,1024,../data/binary/train/nevus/nev05523.jpg,train
9579,3478,nevus,nev,"(450, 600, 3)",450,600,../data/binary/train/nevus/nev03478.jpg,train
5242,1614,nevus,nev,"(1024, 1024, 3)",1024,1024,../data/binary/train/nevus/nev01614.jpg,train
6749,3930,nevus,nev,"(450, 600, 3)",450,600,../data/binary/train/nevus/nev03930.jpg,train
10916,7343,nevus,nev,"(1024, 1024, 3)",1024,1024,../data/binary/train/nevus/nev07343.jpg,train
7892,4731,nevus,nev,"(450, 600, 3)",450,600,../data/binary/train/nevus/nev04731.jpg,train
6330,1949,nevus,nev,"(450, 600, 3)",450,600,../data/binary/train/nevus/nev01949.jpg,train
4241,2395,nevus,nev,"(685, 1024, 3)",685,1024,../data/binary/train/nevus/nev02395.jpg,train
3935,1180,nevus,nev,"(1024, 1024, 3)",1024,1024,../data/binary/train/nevus/nev01180.jpg,train
3814,1839,nevus,nev,"(680, 1024, 3)",680,1024,../data/binary/train/nevus/nev01839.jpg,train
7835,4397,nevus,nev,"(450, 600, 3)",450,600,../data/binary/train/nevus/nev04397.jpg,train
8613,890,nevus,nev,"(768, 1024, 3)",768,1024,../data/binary/train/nevus/nev00890.jpg,train
7958,6771,nevus,nev,"(450, 600, 3)",450,600,../data/binary/train/nevus/nev06771.jpg,train
6434,4870,nevus,nev,"(1024, 1024, 3)",1024,1024,../data/binary/train/nevus/nev04870.jpg,train
11032,3373,nevus,nev,"(1024, 1024, 3)",1024,1024,../data/binary/train/nevus/nev03373.jpg,train
4065,93,nevus,nev,"(450, 600, 3)",450,600,../data/binary/train/nevus/nev00093.jpg,train
6428,4760,nevus,nev,"(450, 600, 3)",450,600,../data/binary/train/nevus/nev04760.jpg,train
8677,4784,nevus,nev,"(1024, 1024, 3)",1024,1024,../data/binary/train/nevus/nev04784.jpg,train
8028,3359,nevus,nev,"(450, 600, 3)",450,600,../data/binary/train/nevus/nev03359.jpg,train
11110,6339,nevus,nev,"(450, 600, 3)",450,600,../data/binary/train/nevus/nev06339.jpg,train
6930,3888,nevus,nev,"(450, 600, 3)",450,600,../data/binary/train/nevus/nev03888.jpg,train
5219,148,nevus,nev,"(450, 600, 3)",450,600,../data/binary/train/nevus/nev00148.jpg,train
6278,1448,nevus,nev,"(680, 1024, 3)",680,1024,../data/binary/train/nevus/nev01448.jpg,train
10500,2000,nevus,nev,"(1024, 1024, 3)",1024,1024,../data/binary/train/nevus/nev02000.jpg,train
4117,5951,nevus,nev,"(450, 600, 3)",450,600,../data/binary/train/nevus/nev05951.jpg,train
7181,4360,nevus,nev,"(1024, 1024, 3)",1024,1024,../data/binary/train/nevus/nev04360.jpg,train
7255,5681,nevus,nev,"(450, 600, 3)",450,600,../data/binary/train/nevus/nev05681.jpg,train
5272,2642,nevus,nev,"(450, 600, 3)",450,600,../data/binary/train/nevus/nev02642.jpg,train
6407,7285,nevus,nev,"(450, 600, 3)",450,600,../data/binary/train/nevus/nev07285.jpg,train
4156,4710,nevus,nev,"(1024, 1024, 3)",1024,1024,../data/binary/train/nevus/nev04710.jpg,train
4074,7719,nevus,nev,"(450, 600, 3)",450,600,../data/binary/train/nevus/nev07719.jpg,train
4887,1938,nevus,nev,"(1024, 1024, 3)",1024,1024,../data/binary/train/nevus/nev01938.jpg,train
9167,6901,nevus,nev,"(450, 600, 3)",450,600,../data/binary/train/nevus/nev06901.jpg,train
4578,1848,nevus,nev,"(1024, 1024, 3)",1024,1024,../data/binary/train/nevus/nev01848.jpg,train
4170,5717,nevus,nev,"(450, 600, 3)",450,600,../data/binary/train/nevus/nev05717.jpg,train
10906,2811,nevus,nev,"(450, 600, 3)",450,600,../data/binary/train/nevus/nev02811.jpg,train
5770,999,nevus,nev,"(1024, 1024, 3)",1024,1024,../data/binary/train/nevus/nev00999.jpg,train
5245,1931,nevus,nev,"(1024, 1024, 3)",1024,1024,../data/binary/train/nevus/nev01931.jpg,train
8899,6072,nevus,nev,"(682, 1024, 3)",682,1024,../data/binary/train/nevus/nev06072.jpg,train
4368,6376,nevus,nev,"(1024, 1024, 3)",1024,1024,../data/binary/train/nevus/nev06376.jpg,train
5186,1986,nevus,nev,"(1024, 1024, 3)",1024,1024,../data/binary/train/nevus/nev01986.jpg,train
5460,4900,nevus,nev,"(450, 600, 3)",450,600,../data/binary/train/nevus/nev04900.jpg,train
6141,413,nevus,nev,"(1024, 1024, 3)",1024,1024,../data/binary/train/nevus/nev00413.jpg,train
7121,3103,nevus,nev,"(450, 600, 3)",450,600,../data/binary/train/nevus/nev03103.jpg,train
6128,2845,nevus,nev,"(450, 600, 3)",450,600,../data/binary/train/nevus/nev02845.jpg,train
9157,7687,nevus,nev,"(1024, 1024, 3)",1024,1024,../data/binary/train/nevus/nev07687.jpg,train
6665,950,nevus,nev,"(450, 600, 3)",450,600,../data/binary/train/nevus/nev00950.jpg,train
8840,3487,nevus,nev,"(450, 600, 3)",450,600,../data/binary/train/nevus/nev03487.jpg,train
4151,2687,nevus,nev,"(1024, 1024, 3)",1024,1024,../data/binary/train/nevus/nev02687.jpg,train
4553,6472,nevus,nev,"(450, 600, 3)",450,600,../data/binary/train/nevus/nev06472.jpg,train
9750,1228,nevus,nev,"(450, 600, 3)",450,600,../data/binary/train/nevus/nev01228.jpg,train
8425,4980,nevus,nev,"(450, 600, 3)",450,600,../data/binary/train/nevus/nev04980.jpg,train
7113,6025,nevus,nev,"(683, 1024, 3)",683,1024,../data/binary/train/nevus/nev06025.jpg,train
11493,3105,nevus,nev,"(450, 600, 3)",450,600,../data/binary/train/nevus/nev03105.jpg,train
8888,3018,nevus,nev,"(1024, 1024, 3)",1024,1024,../data/binary/train/nevus/nev03018.jpg,train
6433,366,nevus,nev,"(1024, 1024, 3)",1024,1024,../data/binary/train/nevus/nev00366.jpg,train
5263,2308,nevus,nev,"(450, 600, 3)",450,600,../data/binary/train/nevus/nev02308.jpg,train
10830,7032,nevus,nev,"(450, 600, 3)",450,600,../data/binary/train/nevus/nev07032.jpg,train
8308,2806,nevus,nev,"(1024, 1024, 3)",1024,1024,../data/binary/train/nevus/nev02806.jpg,train
11354,1296,nevus,nev,"(1024, 1024, 3)",1024,1024,../data/binary/train/nevus/nev01296.jpg,train
11492,2371,nevus,nev,"(1024, 1024, 3)",1024,1024,../data/binary/train/nevus/nev02371.jpg,train
5537,58,nevus,nev,"(1024, 1024, 3)",1024,1024,../data/binary/train/nevus/nev00058.jpg,train
7839,6715,nevus,nev,"(450, 600, 3)",450,600,../data/binary/train/nevus/nev06715.jpg,train
4272,3718,nevus,nev,"(1024, 1024, 3)",1024,1024,../data/binary/train/nevus/nev03718.jpg,train
7269,2214,nevus,nev,"(1024, 1024, 3)",1024,1024,../data/binary/train/nevus/nev02214.jpg,train
7336,3483,nevus,nev,"(1024, 1024, 3)",1024,1024,../data/binary/train/nevus/nev03483.jpg,train
10211,119,nevus,nev,"(450, 600, 3)",450,600,../data/binary/train/nevus/nev00119.jpg,train
6793,3682,nevus,nev,"(1024, 1024, 3)",1024,1024,../data/binary/train/nevus/nev03682.jpg,train
6682,6575,nevus,nev,"(1024, 1024, 3)",1024,1024,../data/binary/train/nevus/nev06575.jpg,train
7297,4703,nevus,nev,"(450, 600, 3)",450,600,../data/binary/train/nevus/nev04703.jpg,train
5262,4435,nevus,nev,"(450, 600, 3)",450,600,../data/binary/train/nevus/nev04435.jpg,train
8200,5976,nevus,nev,"(768, 1024, 3)",768,1024,../data/binary/train/nevus/nev05976.jpg,train
6870,5029,nevus,nev,"(450, 600, 3)",450,600,../data/binary/train/nevus/nev05029.jpg,train
7915,5393,nevus,nev,"(450, 600, 3)",450,600,../data/binary/train/nevus/nev05393.jpg,train
4452,5205,nevus,nev,"(450, 600, 3)",450,600,../data/binary/train/nevus/nev05205.jpg,train
10586,1198,nevus,nev,"(1024, 1024, 3)",1024,1024,../data/binary/train/nevus/nev01198.jpg,train
9408,4358,nevus,nev,"(450, 600, 3)",450,600,../data/binary/train/nevus/nev04358.jpg,train
5639,7461,nevus,nev,"(1024, 1024, 3)",1024,1024,../data/binary/train/nevus/nev07461.jpg,train
4141,4615,nevus,nev,"(719, 824, 3)",719,824,../data/binary/train/nevus/nev04615.jpg,train
10614,2624,nevus,nev,"(1024, 1024, 3)",1024,1024,../data/binary/train/nevus/nev02624.jpg,train
5161,6813,nevus,nev,"(450, 600, 3)",450,600,../data/binary/train/nevus/nev06813.jpg,train
4206,4470,nevus,nev,"(1024, 1024, 3)",1024,1024,../data/binary/train/nevus/nev04470.jpg,train
6880,4083,nevus,nev,"(768, 1024, 3)",768,1024,../data/binary/train/nevus/nev04083.jpg,train
9147,5788,nevus,nev,"(680, 853, 3)",680,853,../data/binary/train/nevus/nev05788.jpg,train
9630,3619,nevus,nev,"(450, 600, 3)",450,600,../data/binary/train/nevus/nev03619.jpg,train
3947,3688,nevus,nev,"(450, 600, 3)",450,600,../data/binary/train/nevus/nev03688.jpg,train
5398,6769,nevus,nev,"(450, 600, 3)",450,600,../data/binary/train/nevus/nev06769.jpg,train
9617,562,nevus,nev,"(1024, 1024, 3)",1024,1024,../data/binary/train/nevus/nev00562.jpg,train
8453,7115,nevus,nev,"(1024, 1024, 3)",1024,1024,../data/binary/train/nevus/nev07115.jpg,train
11316,2225,nevus,nev,"(1024, 1024, 3)",1024,1024,../data/binary/train/nevus/nev02225.jpg,train
7968,1430,nevus,nev,"(1024, 1024, 3)",1024,1024,../data/binary/train/nevus/nev01430.jpg,train
9818,7218,nevus,nev,"(450, 600, 3)",450,600,../data/binary/train/nevus/nev07218.jpg,train
4966,4909,nevus,nev,"(450, 600, 3)",450,600,../data/binary/train/nevus/nev04909.jpg,train
11344,98,nevus,nev,"(450, 600, 3)",450,600,../data/binary/train/nevus/nev00098.jpg,train
10780,7076,nevus,nev,"(450, 600, 3)",450,600,../data/binary/train/nevus/nev07076.jpg,train
7105,5591,nevus,nev,"(450, 600, 3)",450,600,../data/binary/train/nevus/nev05591.jpg,train
8461,3433,nevus,nev,"(1024, 1024, 3)",1024,1024,../data/binary/train/nevus/nev03433.jpg,train
10725,5981,nevus,nev,"(450, 600, 3)",450,600,../data/binary/train/nevus/nev05981.jpg,train
5992,1181,nevus,nev,"(1024, 1024, 3)",1024,1024,../data/binary/train/nevus/nev01181.jpg,train
6611,3280,nevus,nev,"(450, 600, 3)",450,600,../data/binary/train/nevus/nev03280.jpg,train
5212,2168,nevus,nev,"(450, 600, 3)",450,600,../data/binary/train/nevus/nev02168.jpg,train
6722,6515,nevus,nev,"(450, 600, 3)",450,600,../data/binary/train/nevus/nev06515.jpg,train
7649,4747,nevus,nev,"(686, 1024, 3)",686,1024,../data/binary/train/nevus/nev04747.jpg,train
7011,840,nevus,nev,"(686, 1024, 3)",686,1024,../data/binary/train/nevus/nev00840.jpg,train
6757,3366,nevus,nev,"(680, 1024, 3)",680,1024,../data/binary/train/nevus/nev03366.jpg,train
7753,3721,nevus,nev,"(1024, 1024, 3)",1024,1024,../data/binary/train/nevus/nev03721.jpg,train
6322,3352,nevus,nev,"(1024, 1024, 3)",1024,1024,../data/binary/train/nevus/nev03352.jpg,train
4187,853,nevus,nev,"(450, 600, 3)",450,600,../data/binary/train/nevus/nev00853.jpg,train
7387,305,nevus,nev,"(680, 1024, 3)",680,1024,../data/binary/train/nevus/nev00305.jpg,train
4780,2791,nevus,nev,"(450, 600, 3)",450,600,../data/binary/train/nevus/nev02791.jpg,train
5590,3551,nevus,nev,"(1024, 1024, 3)",1024,1024,../data/binary/train/nevus/nev03551.jpg,train
4879,2956,nevus,nev,"(1024, 1024, 3)",1024,1024,../data/binary/train/nevus/nev02956.jpg,train
5188,1067,nevus,nev,"(1024, 1024, 3)",1024,1024,../data/binary/train/nevus/nev01067.jpg,train
8196,4191,nevus,nev,"(1024, 1024, 3)",1024,1024,../data/binary/train/nevus/nev04191.jpg,train
11514,7103,nevus,nev,"(1024, 1024, 3)",1024,1024,../data/binary/train/nevus/nev07103.jpg,train
8890,4591,nevus,nev,"(450, 600, 3)",450,600,../data/binary/train/nevus/nev04591.jpg,train
9356,6137,nevus,nev,"(768, 1024, 3)",768,1024,../data/binary/train/nevus/nev06137.jpg,train
5554,3037,nevus,nev,"(450, 600, 3)",450,600,../data/binary/train/nevus/nev03037.jpg,train
4773,979,nevus,nev,"(450, 600, 3)",450,600,../data/binary/train/nevus/nev00979.jpg,train
10419,281,nevus,nev,"(1024, 1024, 3)",1024,1024,../data/binary/train/nevus/nev00281.jpg,train
5225,7227,nevus,nev,"(680, 1024, 3)",680,1024,../data/binary/train/nevus/nev07227.jpg,train
6503,7047,nevus,nev,"(450, 600, 3)",450,600,../data/binary/train/nevus/nev07047.jpg,train
8311,3004,nevus,nev,"(450, 600, 3)",450,600,../data/binary/train/nevus/nev03004.jpg,train
4462,4459,nevus,nev,"(450, 600, 3)",450,600,../data/binary/train/nevus/nev04459.jpg,train
8031,5285,nevus,nev,"(450, 600, 3)",450,600,../data/binary/train/nevus/nev05285.jpg,train
6557,5973,nevus,nev,"(1024, 1024, 3)",1024,1024,../data/binary/train/nevus/nev05973.jpg,train
7224,162,nevus,nev,"(1024, 1024, 3)",1024,1024,../data/binary/train/nevus/nev00162.jpg,train
5949,4393,nevus,nev,"(450, 600, 3)",450,600,../data/binary/train/nevus/nev04393.jpg,train
7232,447,nevus,nev,"(682, 1024, 3)",682,1024,../data/binary/train/nevus/nev00447.jpg,train
5509,4462,nevus,nev,"(450, 600, 3)",450,600,../data/binary/train/nevus/nev04462.jpg,train
4509,6788,nevus,nev,"(1024, 1024, 3)",1024,1024,../data/binary/train/nevus/nev06788.jpg,train
4585,3580,nevus,nev,"(450, 600, 3)",450,600,../data/binary/train/nevus/nev03580.jpg,train
8904,138,nevus,nev,"(450, 600, 3)",450,600,../data/binary/train/nevus/nev00138.jpg,train
5374,82,nevus,nev,"(450, 600, 3)",450,600,../data/binary/train/nevus/nev00082.jpg,train
5863,5004,nevus,nev,"(450, 600, 3)",450,600,../data/binary/train/nevus/nev05004.jpg,train
4134,3522,nevus,nev,"(450, 600, 3)",450,600,../data/binary/train/nevus/nev03522.jpg,train
4155,5321,nevus,nev,"(681, 1024, 3)",681,1024,../data/binary/train/nevus/nev05321.jpg,train
9338,4101,nevus,nev,"(1024, 1024, 3)",1024,1024,../data/binary/train/nevus/nev04101.jpg,train
6762,328,nevus,nev,"(1024, 1024, 3)",1024,1024,../data/binary/train/nevus/nev00328.jpg,train
9015,6063,nevus,nev,"(450, 600, 3)",450,600,../data/binary/train/nevus/nev06063.jpg,train
4459,5458,nevus,nev,"(450, 600, 3)",450,600,../data/binary/train/nevus/nev05458.jpg,train
8766,3810,nevus,nev,"(450, 600, 3)",450,600,../data/binary/train/nevus/nev03810.jpg,train
9500,1002,nevus,nev,"(450, 600, 3)",450,600,../data/binary/train/nevus/nev01002.jpg,train
4527,7140,nevus,nev,"(680, 1024, 3)",680,1024,../data/binary/train/nevus/nev07140.jpg,train
5830,2412,nevus,nev,"(450, 600, 3)",450,600,../data/binary/train/nevus/nev02412.jpg,train
11049,6271,nevus,nev,"(450, 600, 3)",450,600,../data/binary/train/nevus/nev06271.jpg,train
10856,1058,nevus,nev,"(450, 600, 3)",450,600,../data/binary/train/nevus/nev01058.jpg,train
7259,5208,nevus,nev,"(450, 600, 3)",450,600,../data/binary/train/nevus/nev05208.jpg,train
9427,7603,nevus,nev,"(768, 1024, 3)",768,1024,../data/binary/train/nevus/nev07603.jpg,train
4109,642,nevus,nev,"(768, 1024, 3)",768,1024,../data/binary/train/nevus/nev00642.jpg,train
4632,944,nevus,nev,"(450, 600, 3)",450,600,../data/binary/train/nevus/nev00944.jpg,train
8909,1923,nevus,nev,"(1024, 1024, 3)",1024,1024,../data/binary/train/nevus/nev01923.jpg,train
6162,7351,nevus,nev,"(1024, 1024, 3)",1024,1024,../data/binary/train/nevus/nev07351.jpg,train
5151,7320,nevus,nev,"(450, 600, 3)",450,600,../data/binary/train/nevus/nev07320.jpg,train
11037,6438,nevus,nev,"(450, 600, 3)",450,600,../data/binary/train/nevus/nev06438.jpg,train
5727,7023,nevus,nev,"(686, 1024, 3)",686,1024,../data/binary/train/nevus/nev07023.jpg,train
7403,1324,nevus,nev,"(1024, 1024, 3)",1024,1024,../data/binary/train/nevus/nev01324.jpg,train
8757,7154,nevus,nev,"(450, 600, 3)",450,600,../data/binary/train/nevus/nev07154.jpg,train
4904,2924,nevus,nev,"(450, 600, 3)",450,600,../data/binary/train/nevus/nev02924.jpg,train
9748,4563,nevus,nev,"(450, 600, 3)",450,600,../data/binary/train/nevus/nev04563.jpg,train
10522,1394,nevus,nev,"(1024, 1024, 3)",1024,1024,../data/binary/train/nevus/nev01394.jpg,train
8684,1370,nevus,nev,"(1024, 1024, 3)",1024,1024,../data/binary/train/nevus/nev01370.jpg,train
10598,6519,nevus,nev,"(1024, 1024, 3)",1024,1024,../data/binary/train/nevus/nev06519.jpg,train
7583,6193,nevus,nev,"(768, 1024, 3)",768,1024,../data/binary/train/nevus/nev06193.jpg,train
9158,6168,nevus,nev,"(1024, 1024, 3)",1024,1024,../data/binary/train/nevus/nev06168.jpg,train
10820,7364,nevus,nev,"(450, 600, 3)",450,600,../data/binary/train/nevus/nev07364.jpg,train
5132,769,nevus,nev,"(682, 1024, 3)",682,1024,../data/binary/train/nevus/nev00769.jpg,train
9268,2165,nevus,nev,"(450, 600, 3)",450,600,../data/binary/train/nevus/nev02165.jpg,train
6549,7587,nevus,nev,"(680, 1024, 3)",680,1024,../data/binary/train/nevus/nev07587.jpg,train
5813,5360,nevus,nev,"(680, 1024, 3)",680,1024,../data/binary/train/nevus/nev05360.jpg,train
10647,7254,nevus,nev,"(1024, 1024, 3)",1024,1024,../data/binary/train/nevus/nev07254.jpg,train
4573,1384,nevus,nev,"(450, 600, 3)",450,600,../data/binary/train/nevus/nev01384.jpg,train
8493,3739,nevus,nev,"(450, 600, 3)",450,600,../data/binary/train/nevus/nev03739.jpg,train
9061,6608,nevus,nev,"(1024, 1024, 3)",1024,1024,../data/binary/train/nevus/nev06608.jpg,train
10904,4621,nevus,nev,"(1024, 1024, 3)",1024,1024,../data/binary/train/nevus/nev04621.jpg,train
7343,5564,nevus,nev,"(450, 600, 3)",450,600,../data/binary/train/nevus/nev05564.jpg,train
9671,1269,nevus,nev,"(1024, 1024, 3)",1024,1024,../data/binary/train/nevus/nev01269.jpg,train
4899,7149,nevus,nev,"(450, 600, 3)",450,600,../data/binary/train/nevus/nev07149.jpg,train
8823,4736,nevus,nev,"(450, 600, 3)",450,600,../data/binary/train/nevus/nev04736.jpg,train
6989,637,nevus,nev,"(450, 600, 3)",450,600,../data/binary/train/nevus/nev00637.jpg,train
10750,7683,nevus,nev,"(450, 600, 3)",450,600,../data/binary/train/nevus/nev07683.jpg,train
7141,5601,nevus,nev,"(1024, 1024, 3)",1024,1024,../data/binary/train/nevus/nev05601.jpg,train
8850,2694,nevus,nev,"(450, 600, 3)",450,600,../data/binary/train/nevus/nev02694.jpg,train
4973,5791,nevus,nev,"(450, 600, 3)",450,600,../data/binary/train/nevus/nev05791.jpg,train
5318,6655,nevus,nev,"(1024, 1024, 3)",1024,1024,../data/binary/train/nevus/nev06655.jpg,train
3883,2268,nevus,nev,"(680, 1024, 3)",680,1024,../data/binary/train/nevus/nev02268.jpg,train
11218,4889,nevus,nev,"(450, 600, 3)",450,600,../data/binary/train/nevus/nev04889.jpg,train
6827,5180,nevus,nev,"(685, 1024, 3)",685,1024,../data/binary/train/nevus/nev05180.jpg,train
4461,5200,nevus,nev,"(450, 600, 3)",450,600,../data/binary/train/nevus/nev05200.jpg,train
8761,892,nevus,nev,"(450, 600, 3)",450,600,../data/binary/train/nevus/nev00892.jpg,train
5069,7319,nevus,nev,"(1024, 1024, 3)",1024,1024,../data/binary/train/nevus/nev07319.jpg,train
10155,1598,nevus,nev,"(680, 1024, 3)",680,1024,../data/binary/train/nevus/nev01598.jpg,train
5616,70,nevus,nev,"(450, 600, 3)",450,600,../data/binary/train/nevus/nev00070.jpg,train
8460,3832,nevus,nev,"(450, 600, 3)",450,600,../data/binary/train/nevus/nev03832.jpg,train
11339,1425,nevus,nev,"(450, 600, 3)",450,600,../data/binary/train/nevus/nev01425.jpg,train
6168,5697,nevus,nev,"(450, 600, 3)",450,600,../data/binary/train/nevus/nev05697.jpg,train
11382,7420,nevus,nev,"(672, 964, 3)",672,964,../data/binary/train/nevus/nev07420.jpg,train
10828,3732,nevus,nev,"(450, 600, 3)",450,600,../data/binary/train/nevus/nev03732.jpg,train
10635,813,nevus,nev,"(680, 1024, 3)",680,1024,../data/binary/train/nevus/nev00813.jpg,train
4638,330,nevus,nev,"(450, 600, 3)",450,600,../data/binary/train/nevus/nev00330.jpg,train
6506,3276,nevus,nev,"(680, 1024, 3)",680,1024,../data/binary/train/nevus/nev03276.jpg,train
8335,4362,nevus,nev,"(450, 600, 3)",450,600,../data/binary/train/nevus/nev04362.jpg,train
6772,4494,nevus,nev,"(450, 600, 3)",450,600,../data/binary/train/nevus/nev04494.jpg,train
10846,3046,nevus,nev,"(450, 600, 3)",450,600,../data/binary/train/nevus/nev03046.jpg,train
5849,3002,nevus,nev,"(1024, 1024, 3)",1024,1024,../data/binary/train/nevus/nev03002.jpg,train
18792,103,others,mel,"(679, 1024, 3)",679,1024,../data/binary/train/others/mel00103.jpg,train
16102,47,others,scc,"(450, 600, 3)",450,600,../data/binary/train/others/scc00047.jpg,train
15409,1139,others,mel,"(1024, 1024, 3)",1024,1024,../data/binary/train/others/mel01139.jpg,train
18140,1774,others,bcc,"(1024, 1024, 3)",1024,1024,../data/binary/train/others/bcc01774.jpg,train
12397,1329,others,mel,"(1024, 1024, 3)",1024,1024,../data/binary/train/others/mel01329.jpg,train
16746,1032,others,mel,"(1024, 1024, 3)",1024,1024,../data/binary/train/others/mel01032.jpg,train
15935,615,others,mel,"(1024, 1024, 3)",1024,1024,../data/binary/train/others/mel00615.jpg,train
13717,116,others,bcc,"(1024, 1024, 3)",1024,1024,../data/binary/train/others/bcc00116.jpg,train
12505,965,others,mel,"(768, 1024, 3)",768,1024,../data/binary/train/others/mel00965.jpg,train
13442,902,others,mel,"(1024, 1024, 3)",1024,1024,../data/binary/train/others/mel00902.jpg,train
11786,60,others,vac,"(450, 600, 3)",450,600,../data/binary/train/others/vac00060.jpg,train
11881,2445,others,mel,"(768, 1024, 3)",768,1024,../data/binary/train/others/mel02445.jpg,train
18014,1331,others,bkl,"(450, 600, 3)",450,600,../data/binary/train/others/bkl01331.jpg,train
14232,21,others,bcc,"(1024, 1024, 3)",1024,1024,../data/binary/train/others/bcc00021.jpg,train
13195,957,others,mel,"(1024, 1024, 3)",1024,1024,../data/binary/train/others/mel00957.jpg,train
13448,95,others,bcc,"(1024, 1024, 3)",1024,1024,../data/binary/train/others/bcc00095.jpg,train
12416,1979,others,mel,"(1024, 1024, 3)",1024,1024,../data/binary/train/others/mel01979.jpg,train
14562,279,others,scc,"(1024, 1024, 3)",1024,1024,../data/binary/train/others/scc00279.jpg,train
14851,2045,others,mel,"(450, 600, 3)",450,600,../data/binary/train/others/mel02045.jpg,train
14309,651,others,mel,"(684, 1024, 3)",684,1024,../data/binary/train/others/mel00651.jpg,train
12549,866,others,bkl,"(450, 600, 3)",450,600,../data/binary/train/others/bkl00866.jpg,train
16402,443,others,mel,"(1024, 1024, 3)",1024,1024,../data/binary/train/others/mel00443.jpg,train
13705,1204,others,mel,"(1024, 1024, 3)",1024,1024,../data/binary/train/others/mel01204.jpg,train
15171,1237,others,bcc,"(1024, 1024, 3)",1024,1024,../data/binary/train/others/bcc01237.jpg,train
12114,1731,others,bcc,"(1024, 1024, 3)",1024,1024,../data/binary/train/others/bcc01731.jpg,train
15067,17,others,scc,"(1024, 1024, 3)",1024,1024,../data/binary/train/others/scc00017.jpg,train
13424,412,others,mel,"(1024, 1024, 3)",1024,1024,../data/binary/train/others/mel00412.jpg,train
18564,860,others,mel,"(450, 600, 3)",450,600,../data/binary/train/others/mel00860.jpg,train
13153,1651,others,mel,"(450, 600, 3)",450,600,../data/binary/train/others/mel01651.jpg,train
18102,388,others,bcc,"(1024, 1024, 3)",1024,1024,../data/binary/train/others/bcc00388.jpg,train
16665,1952,others,mel,"(1024, 1024, 3)",1024,1024,../data/binary/train/others/mel01952.jpg,train
15665,1455,others,bkl,"(1024, 1024, 3)",1024,1024,../data/binary/train/others/bkl01455.jpg,train
16386,1793,others,mel,"(450, 600, 3)",450,600,../data/binary/train/others/mel01793.jpg,train
13215,278,others,ack,"(1024, 1024, 3)",1024,1024,../data/binary/train/others/ack00278.jpg,train
18711,1344,others,bcc,"(1024, 1024, 3)",1024,1024,../data/binary/train/others/bcc01344.jpg,train
17449,599,others,bkl,"(680, 1024, 3)",680,1024,../data/binary/train/others/bkl00599.jpg,train
18541,2107,others,mel,"(1024, 1024, 3)",1024,1024,../data/binary/train/others/mel02107.jpg,train
13585,269,others,bcc,"(1024, 1024, 3)",1024,1024,../data/binary/train/others/bcc00269.jpg,train
17317,964,others,bkl,"(1024, 1024, 3)",1024,1024,../data/binary/train/others/bkl00964.jpg,train
13357,1641,others,mel,"(450, 600, 3)",450,600,../data/binary/train/others/mel01641.jpg,train
16694,1361,others,bcc,"(1024, 1024, 3)",1024,1024,../data/binary/train/others/bcc01361.jpg,train
16492,386,others,mel,"(1024, 1024, 3)",1024,1024,../data/binary/train/others/mel00386.jpg,train
13608,1707,others,bcc,"(1024, 1024, 3)",1024,1024,../data/binary/train/others/bcc01707.jpg,train
13072,835,others,mel,"(1024, 1024, 3)",1024,1024,../data/binary/train/others/mel00835.jpg,train
12671,956,others,mel,"(450, 600, 3)",450,600,../data/binary/train/others/mel00956.jpg,train
18839,530,others,mel,"(1024, 1024, 3)",1024,1024,../data/binary/train/others/mel00530.jpg,train
14861,258,others,mel,"(682, 1024, 3)",682,1024,../data/binary/train/others/mel00258.jpg,train
12530,598,others,mel,"(1024, 1024, 3)",1024,1024,../data/binary/train/others/mel00598.jpg,train
17690,268,others,bkl,"(1024, 1024, 3)",1024,1024,../data/binary/train/others/bkl00268.jpg,train
18960,2703,others,mel,"(768, 1024, 3)",768,1024,../data/binary/train/others/mel02703.jpg,train
12398,1065,others,bkl,"(450, 600, 3)",450,600,../data/binary/train/others/bkl01065.jpg,train
15159,845,others,bcc,"(1024, 1024, 3)",1024,1024,../data/binary/train/others/bcc00845.jpg,train
14558,1317,others,bkl,"(450, 600, 3)",450,600,../data/binary/train/others/bkl01317.jpg,train
14751,108,others,def,"(450, 600, 3)",450,600,../data/binary/train/others/def00108.jpg,train
12002,973,others,mel,"(1024, 1024, 3)",1024,1024,../data/binary/train/others/mel00973.jpg,train
14041,1276,others,bcc,"(1024, 1024, 3)",1024,1024,../data/binary/train/others/bcc01276.jpg,train
14492,1430,others,mel,"(1024, 1024, 3)",1024,1024,../data/binary/train/others/mel01430.jpg,train
18914,686,others,mel,"(683, 1024, 3)",683,1024,../data/binary/train/others/mel00686.jpg,train
18759,274,others,bkl,"(680, 1024, 3)",680,1024,../data/binary/train/others/bkl00274.jpg,train
13839,2504,others,mel,"(450, 600, 3)",450,600,../data/binary/train/others/mel02504.jpg,train
17363,1243,others,bkl,"(1024, 1024, 3)",1024,1024,../data/binary/train/others/bkl01243.jpg,train
14487,164,others,ack,"(1024, 1024, 3)",1024,1024,../data/binary/train/others/ack00164.jpg,train
18303,1417,others,bkl,"(1024, 1024, 3)",1024,1024,../data/binary/train/others/bkl01417.jpg,train
12348,792,others,bcc,"(1024, 1024, 3)",1024,1024,../data/binary/train/others/bcc00792.jpg,train
18170,149,others,vac,"(450, 600, 3)",450,600,../data/binary/train/others/vac00149.jpg,train
15699,2415,others,mel,"(1024, 1024, 3)",1024,1024,../data/binary/train/others/mel02415.jpg,train
17267,5,others,def,"(1024, 1024, 3)",1024,1024,../data/binary/train/others/def00005.jpg,train
13171,1833,others,bcc,"(1024, 1024, 3)",1024,1024,../data/binary/train/others/bcc01833.jpg,train
15585,1618,others,mel,"(1024, 1024, 3)",1024,1024,../data/binary/train/others/mel01618.jpg,train
14701,124,others,def,"(450, 600, 3)",450,600,../data/binary/train/others/def00124.jpg,train
17572,16,others,bcc,"(1024, 1024, 3)",1024,1024,../data/binary/train/others/bcc00016.jpg,train
13220,332,others,bcc,"(1024, 1024, 3)",1024,1024,../data/binary/train/others/bcc00332.jpg,train
13298,80,others,mel,"(1024, 1024, 3)",1024,1024,../data/binary/train/others/mel00080.jpg,train
15215,292,others,ack,"(1024, 1024, 3)",1024,1024,../data/binary/train/others/ack00292.jpg,train
14306,371,others,bcc,"(1024, 1024, 3)",1024,1024,../data/binary/train/others/bcc00371.jpg,train
14342,673,others,bcc,"(1024, 1024, 3)",1024,1024,../data/binary/train/others/bcc00673.jpg,train
16205,65,others,ack,"(1024, 1024, 3)",1024,1024,../data/binary/train/others/ack00065.jpg,train
14166,390,others,mel,"(450, 600, 3)",450,600,../data/binary/train/others/mel00390.jpg,train
12458,1648,others,bcc,"(450, 600, 3)",450,600,../data/binary/train/others/bcc01648.jpg,train
18920,1094,others,mel,"(1024, 1024, 3)",1024,1024,../data/binary/train/others/mel01094.jpg,train
18113,529,others,mel,"(1024, 1024, 3)",1024,1024,../data/binary/train/others/mel00529.jpg,train
14441,459,others,ack,"(1024, 1024, 3)",1024,1024,../data/binary/train/others/ack00459.jpg,train
18334,47,others,vac,"(450, 600, 3)",450,600,../data/binary/train/others/vac00047.jpg,train
16023,731,others,bkl,"(1024, 1024, 3)",1024,1024,../data/binary/train/others/bkl00731.jpg,train
12552,691,others,bcc,"(450, 600, 3)",450,600,../data/binary/train/others/bcc00691.jpg,train
11846,836,others,bcc,"(450, 600, 3)",450,600,../data/binary/train/others/bcc00836.jpg,train
12975,240,others,ack,"(1024, 1024, 3)",1024,1024,../data/binary/train/others/ack00240.jpg,train
18990,1905,others,mel,"(1024, 1024, 3)",1024,1024,../data/binary/train/others/mel01905.jpg,train
16905,826,others,mel,"(1024, 1024, 3)",1024,1024,../data/binary/train/others/mel00826.jpg,train
14141,1617,others,mel,"(1024, 1024, 3)",1024,1024,../data/binary/train/others/mel01617.jpg,train
17930,122,others,vac,"(1024, 1024, 3)",1024,1024,../data/binary/train/others/vac00122.jpg,train
17759,1269,others,bkl,"(680, 1024, 3)",680,1024,../data/binary/train/others/bkl01269.jpg,train
15525,1854,others,bcc,"(1024, 1024, 3)",1024,1024,../data/binary/train/others/bcc01854.jpg,train
14052,142,others,ack,"(1024, 1024, 3)",1024,1024,../data/binary/train/others/ack00142.jpg,train
17247,1388,others,bcc,"(1024, 1024, 3)",1024,1024,../data/binary/train/others/bcc01388.jpg,train
14196,14,others,bkl,"(450, 600, 3)",450,600,../data/binary/train/others/bkl00014.jpg,train
17221,1788,others,mel,"(450, 600, 3)",450,600,../data/binary/train/others/mel01788.jpg,train
18366,1367,others,bkl,"(1024, 1024, 3)",1024,1024,../data/binary/train/others/bkl01367.jpg,train
15987,2535,others,mel,"(680, 1024, 3)",680,1024,../data/binary/train/others/mel02535.jpg,train
14282,1970,others,mel,"(680, 1024, 3)",680,1024,../data/binary/train/others/mel01970.jpg,train
18111,67,others,scc,"(1024, 1024, 3)",1024,1024,../data/binary/train/others/scc00067.jpg,train
16737,1268,others,bkl,"(450, 600, 3)",450,600,../data/binary/train/others/bkl01268.jpg,train
15287,595,others,bcc,"(1024, 1024, 3)",1024,1024,../data/binary/train/others/bcc00595.jpg,train
17729,916,others,bkl,"(450, 600, 3)",450,600,../data/binary/train/others/bkl00916.jpg,train
17472,1552,others,mel,"(1024, 1024, 3)",1024,1024,../data/binary/train/others/mel01552.jpg,train
15654,225,others,ack,"(450, 600, 3)",450,600,../data/binary/train/others/ack00225.jpg,train
15188,1420,others,bkl,"(680, 1024, 3)",680,1024,../data/binary/train/others/bkl01420.jpg,train
15024,756,others,bkl,"(450, 600, 3)",450,600,../data/binary/train/others/bkl00756.jpg,train
15313,52,others,def,"(450, 600, 3)",450,600,../data/binary/train/others/def00052.jpg,train
18186,660,others,bcc,"(1024, 1024, 3)",1024,1024,../data/binary/train/others/bcc00660.jpg,train
17776,1107,others,bcc,"(1024, 1024, 3)",1024,1024,../data/binary/train/others/bcc01107.jpg,train
15100,437,others,ack,"(1024, 1024, 3)",1024,1024,../data/binary/train/others/ack00437.jpg,train
15438,535,others,bcc,"(1024, 1024, 3)",1024,1024,../data/binary/train/others/bcc00535.jpg,train
16588,129,others,mel,"(450, 600, 3)",450,600,../data/binary/train/others/mel00129.jpg,train
14249,207,others,bkl,"(450, 600, 3)",450,600,../data/binary/train/others/bkl00207.jpg,train
12412,696,others,mel,"(1024, 1024, 3)",1024,1024,../data/binary/train/others/mel00696.jpg,train
15750,2361,others,mel,"(450, 600, 3)",450,600,../data/binary/train/others/mel02361.jpg,train
16679,1506,others,mel,"(1024, 1024, 3)",1024,1024,../data/binary/train/others/mel01506.jpg,train
16970,1822,others,bcc,"(450, 600, 3)",450,600,../data/binary/train/others/bcc01822.jpg,train
18283,334,others,mel,"(1024, 1024, 3)",1024,1024,../data/binary/train/others/mel00334.jpg,train
18178,839,others,bcc,"(450, 600, 3)",450,600,../data/binary/train/others/bcc00839.jpg,train
12436,1812,others,bcc,"(1024, 1024, 3)",1024,1024,../data/binary/train/others/bcc01812.jpg,train
14411,2260,others,mel,"(1024, 1024, 3)",1024,1024,../data/binary/train/others/mel02260.jpg,train
14613,369,others,mel,"(1024, 1024, 3)",1024,1024,../data/binary/train/others/mel00369.jpg,train
18783,349,others,scc,"(1024, 1024, 3)",1024,1024,../data/binary/train/others/scc00349.jpg,train
11964,226,others,bkl,"(450, 600, 3)",450,600,../data/binary/train/others/bkl00226.jpg,train
12489,403,others,mel,"(680, 1024, 3)",680,1024,../data/binary/train/others/mel00403.jpg,train
14175,1316,others,bkl,"(450, 600, 3)",450,600,../data/binary/train/others/bkl01316.jpg,train
14244,972,others,bcc,"(1024, 1024, 3)",1024,1024,../data/binary/train/others/bcc00972.jpg,train
17555,148,others,ack,"(1024, 1024, 3)",1024,1024,../data/binary/train/others/ack00148.jpg,train
17457,37,others,vac,"(450, 600, 3)",450,600,../data/binary/train/others/vac00037.jpg,train
12094,1963,others,bcc,"(1024, 1024, 3)",1024,1024,../data/binary/train/others/bcc01963.jpg,train
14586,176,others,ack,"(1024, 1024, 3)",1024,1024,../data/binary/train/others/ack00176.jpg,train
14814,1341,others,mel,"(450, 600, 3)",450,600,../data/binary/train/others/mel01341.jpg,train
14594,609,others,mel,"(1024, 1024, 3)",1024,1024,../data/binary/train/others/mel00609.jpg,train
13099,1775,others,bcc,"(1024, 1024, 3)",1024,1024,../data/binary/train/others/bcc01775.jpg,train
14559,886,others,bcc,"(1024, 1024, 3)",1024,1024,../data/binary/train/others/bcc00886.jpg,train
16668,2525,others,mel,"(802, 919, 3)",802,919,../data/binary/train/others/mel02525.jpg,train
14514,1490,others,bcc,"(1024, 1024, 3)",1024,1024,../data/binary/train/others/bcc01490.jpg,train
16296,256,others,ack,"(1024, 1024, 3)",1024,1024,../data/binary/train/others/ack00256.jpg,train
14001,259,others,scc,"(1024, 1024, 3)",1024,1024,../data/binary/train/others/scc00259.jpg,train
14200,633,others,bkl,"(764, 1024, 3)",764,1024,../data/binary/train/others/bkl00633.jpg,train
18904,332,others,bkl,"(1024, 1024, 3)",1024,1024,../data/binary/train/others/bkl00332.jpg,train
15721,1180,others,bkl,"(450, 600, 3)",450,600,../data/binary/train/others/bkl01180.jpg,train
17286,713,others,bcc,"(450, 600, 3)",450,600,../data/binary/train/others/bcc00713.jpg,train
13794,1194,others,bkl,"(1024, 1024, 3)",1024,1024,../data/binary/train/others/bkl01194.jpg,train
12882,2516,others,mel,"(1024, 1024, 3)",1024,1024,../data/binary/train/others/mel02516.jpg,train
17502,819,others,mel,"(450, 600, 3)",450,600,../data/binary/train/others/mel00819.jpg,train
12286,1684,others,mel,"(1024, 1024, 3)",1024,1024,../data/binary/train/others/mel01684.jpg,train
17613,1862,others,mel,"(450, 600, 3)",450,600,../data/binary/train/others/mel01862.jpg,train
18656,430,others,ack,"(1024, 1024, 3)",1024,1024,../data/binary/train/others/ack00430.jpg,train
12571,1700,others,bcc,"(1024, 1024, 3)",1024,1024,../data/binary/train/others/bcc01700.jpg,train
12239,670,others,mel,"(1024, 1024, 3)",1024,1024,../data/binary/train/others/mel00670.jpg,train
15672,246,others,scc,"(450, 600, 3)",450,600,../data/binary/train/others/scc00246.jpg,train
12333,27,others,bkl,"(450, 600, 3)",450,600,../data/binary/train/others/bkl00027.jpg,train
16920,1378,others,bkl,"(450, 600, 3)",450,600,../data/binary/train/others/bkl01378.jpg,train
14088,397,others,ack,"(1024, 1024, 3)",1024,1024,../data/binary/train/others/ack00397.jpg,train
13957,976,others,mel,"(680, 1024, 3)",680,1024,../data/binary/train/others/mel00976.jpg,train
11986,294,others,scc,"(1024, 1024, 3)",1024,1024,../data/binary/train/others/scc00294.jpg,train
13177,1440,others,bcc,"(1024, 1024, 3)",1024,1024,../data/binary/train/others/bcc01440.jpg,train
11679,1288,others,bkl,"(450, 600, 3)",450,600,../data/binary/train/others/bkl01288.jpg,train
16098,1797,others,bcc,"(450, 600, 3)",450,600,../data/binary/train/others/bcc01797.jpg,train
14969,104,others,bkl,"(450, 600, 3)",450,600,../data/binary/train/others/bkl00104.jpg,train
18974,1051,others,bcc,"(1024, 1024, 3)",1024,1024,../data/binary/train/others/bcc01051.jpg,train
12496,211,others,bcc,"(1024, 1024, 3)",1024,1024,../data/binary/train/others/bcc00211.jpg,train
18236,1274,others,mel,"(685, 1024, 3)",685,1024,../data/binary/train/others/mel01274.jpg,train
17600,243,others,bcc,"(1024, 1024, 3)",1024,1024,../data/binary/train/others/bcc00243.jpg,train
18535,2247,others,mel,"(1024, 1024, 3)",1024,1024,../data/binary/train/others/mel02247.jpg,train
11628,1571,others,bkl,"(450, 600, 3)",450,600,../data/binary/train/others/bkl01571.jpg,train
18440,36,others,bcc,"(1024, 1024, 3)",1024,1024,../data/binary/train/others/bcc00036.jpg,train
15252,756,others,mel,"(1024, 1024, 3)",1024,1024,../data/binary/train/others/mel00756.jpg,train
11950,1624,others,mel,"(674, 1024, 3)",674,1024,../data/binary/train/others/mel01624.jpg,train
18818,218,others,ack,"(1024, 1024, 3)",1024,1024,../data/binary/train/others/ack00218.jpg,train
18176,455,others,bkl,"(1024, 1024, 3)",1024,1024,../data/binary/train/others/bkl00455.jpg,train
14891,1156,others,bcc,"(1024, 1024, 3)",1024,1024,../data/binary/train/others/bcc01156.jpg,train
13346,225,others,bcc,"(1024, 1024, 3)",1024,1024,../data/binary/train/others/bcc00225.jpg,train
13167,1401,others,bcc,"(1024, 1024, 3)",1024,1024,../data/binary/train/others/bcc01401.jpg,train
14612,169,others,scc,"(1024, 1024, 3)",1024,1024,../data/binary/train/others/scc00169.jpg,train
17576,1065,others,bcc,"(1024, 1024, 3)",1024,1024,../data/binary/train/others/bcc01065.jpg,train
15119,359,others,mel,"(1024, 1024, 3)",1024,1024,../data/binary/train/others/mel00359.jpg,train
11668,1528,others,bcc,"(450, 600, 3)",450,600,../data/binary/train/others/bcc01528.jpg,train
14328,128,others,bkl,"(1024, 1024, 3)",1024,1024,../data/binary/train/others/bkl00128.jpg,train
13464,1058,others,mel,"(1024, 1024, 3)",1024,1024,../data/binary/train/others/mel01058.jpg,train
15760,1911,others,bcc,"(1024, 1024, 3)",1024,1024,../data/binary/train/others/bcc01911.jpg,train
16725,839,others,bkl,"(1024, 1024, 3)",1024,1024,../data/binary/train/others/bkl00839.jpg,train
11783,2689,others,mel,"(768, 1024, 3)",768,1024,../data/binary/train/others/mel02689.jpg,train
14601,1127,others,bcc,"(1024, 1024, 3)",1024,1024,../data/binary/train/others/bcc01127.jpg,train
16465,431,others,bcc,"(1024, 1024, 3)",1024,1024,../data/binary/train/others/bcc00431.jpg,train
13985,968,others,bcc,"(1024, 1024, 3)",1024,1024,../data/binary/train/others/bcc00968.jpg,train
14235,924,others,bkl,"(680, 1024, 3)",680,1024,../data/binary/train/others/bkl00924.jpg,train
17591,1092,others,bkl,"(450, 600, 3)",450,600,../data/binary/train/others/bkl01092.jpg,train
18873,762,others,mel,"(450, 600, 3)",450,600,../data/binary/train/others/mel00762.jpg,train
14912,55,others,def,"(1024, 1024, 3)",1024,1024,../data/binary/train/others/def00055.jpg,train
13940,1040,others,bcc,"(1024, 1024, 3)",1024,1024,../data/binary/train/others/bcc01040.jpg,train
11832,34,others,mel,"(1024, 1024, 3)",1024,1024,../data/binary/train/others/mel00034.jpg,train
16202,1934,others,mel,"(450, 600, 3)",450,600,../data/binary/train/others/mel01934.jpg,train
18203,784,others,bcc,"(1024, 1024, 3)",1024,1024,../data/binary/train/others/bcc00784.jpg,train
12656,208,others,ack,"(1024, 1024, 3)",1024,1024,../data/binary/train/others/ack00208.jpg,train
14977,1643,others,mel,"(1024, 1024, 3)",1024,1024,../data/binary/train/others/mel01643.jpg,train
14630,669,others,bcc,"(1024, 1024, 3)",1024,1024,../data/binary/train/others/bcc00669.jpg,train
13607,1734,others,mel,"(450, 600, 3)",450,600,../data/binary/train/others/mel01734.jpg,train
15887,1964,others,bcc,"(1024, 1024, 3)",1024,1024,../data/binary/train/others/bcc01964.jpg,train
12087,31,others,mel,"(768, 1024, 3)",768,1024,../data/binary/train/others/mel00031.jpg,train
12407,571,others,bcc,"(1024, 1024, 3)",1024,1024,../data/binary/train/others/bcc00571.jpg,train
13038,1862,others,bcc,"(1024, 1024, 3)",1024,1024,../data/binary/train/others/bcc01862.jpg,train
11678,663,others,bkl,"(1024, 1024, 3)",1024,1024,../data/binary/train/others/bkl00663.jpg,train
12550,1273,others,bkl,"(450, 600, 3)",450,600,../data/binary/train/others/bkl01273.jpg,train
17851,122,others,bkl,"(1024, 1024, 3)",1024,1024,../data/binary/train/others/bkl00122.jpg,train
17801,469,others,mel,"(1024, 1024, 3)",1024,1024,../data/binary/train/others/mel00469.jpg,train
12765,111,others,bkl,"(1024, 1024, 3)",1024,1024,../data/binary/train/others/bkl00111.jpg,train
18534,800,others,bcc,"(450, 600, 3)",450,600,../data/binary/train/others/bcc00800.jpg,train
14887,931,others,bkl,"(450, 600, 3)",450,600,../data/binary/train/others/bkl00931.jpg,train
18593,1584,others,mel,"(1024, 1024, 3)",1024,1024,../data/binary/train/others/mel01584.jpg,train
18259,759,others,mel,"(1024, 1024, 3)",1024,1024,../data/binary/train/others/mel00759.jpg,train
14738,49,others,bkl,"(1024, 1024, 3)",1024,1024,../data/binary/train/others/bkl00049.jpg,train
18699,1966,others,mel,"(1024, 1024, 3)",1024,1024,../data/binary/train/others/mel01966.jpg,train
18787,528,others,mel,"(450, 600, 3)",450,600,../data/binary/train/others/mel00528.jpg,train
17938,1070,others,bcc,"(1024, 1024, 3)",1024,1024,../data/binary/train/others/bcc01070.jpg,train
13096,1543,others,mel,"(1024, 1024, 3)",1024,1024,../data/binary/train/others/mel01543.jpg,train
15900,749,others,mel,"(1024, 1024, 3)",1024,1024,../data/binary/train/others/mel00749.jpg,train
15281,1028,others,mel,"(450, 600, 3)",450,600,../data/binary/train/others/mel01028.jpg,train
13476,471,others,bkl,"(1024, 1024, 3)",1024,1024,../data/binary/train/others/bkl00471.jpg,train
13524,61,others,scc,"(1024, 1024, 3)",1024,1024,../data/binary/train/others/scc00061.jpg,train
16522,17,others,ack,"(1024, 1024, 3)",1024,1024,../data/binary/train/others/ack00017.jpg,train
14569,1202,others,bcc,"(1024, 1024, 3)",1024,1024,../data/binary/train/others/bcc01202.jpg,train
15366,139,others,mel,"(450, 600, 3)",450,600,../data/binary/train/others/mel00139.jpg,train
18351,944,others,bcc,"(1024, 1024, 3)",1024,1024,../data/binary/train/others/bcc00944.jpg,train
16218,648,others,mel,"(450, 600, 3)",450,600,../data/binary/train/others/mel00648.jpg,train
12894,59,others,vac,"(1024, 1024, 3)",1024,1024,../data/binary/train/others/vac00059.jpg,train
17292,160,others,bkl,"(1024, 1024, 3)",1024,1024,../data/binary/train/others/bkl00160.jpg,train
14575,499,others,bcc,"(450, 600, 3)",450,600,../data/binary/train/others/bcc00499.jpg,train
14397,1244,others,mel,"(1024, 1024, 3)",1024,1024,../data/binary/train/others/mel01244.jpg,train
17165,1317,others,bcc,"(450, 600, 3)",450,600,../data/binary/train/others/bcc01317.jpg,train
16470,445,others,ack,"(1024, 1024, 3)",1024,1024,../data/binary/train/others/ack00445.jpg,train
17763,286,others,bkl,"(1024, 1024, 3)",1024,1024,../data/binary/train/others/bkl00286.jpg,train
16583,1766,others,mel,"(685, 1024, 3)",685,1024,../data/binary/train/others/mel01766.jpg,train
15793,166,others,bcc,"(1024, 1024, 3)",1024,1024,../data/binary/train/others/bcc00166.jpg,train
17736,1104,others,bcc,"(1024, 1024, 3)",1024,1024,../data/binary/train/others/bcc01104.jpg,train
12681,364,others,scc,"(1024, 1024, 3)",1024,1024,../data/binary/train/others/scc00364.jpg,train
16894,194,others,bkl,"(450, 600, 3)",450,600,../data/binary/train/others/bkl00194.jpg,train
13742,480,others,mel,"(1024, 1024, 3)",1024,1024,../data/binary/train/others/mel00480.jpg,train
11848,1233,others,bcc,"(450, 600, 3)",450,600,../data/binary/train/others/bcc01233.jpg,train
17301,206,others,scc,"(450, 600, 3)",450,600,../data/binary/train/others/scc00206.jpg,train
13629,191,others,ack,"(1024, 1024, 3)",1024,1024,../data/binary/train/others/ack00191.jpg,train
12389,2329,others,mel,"(1024, 1024, 3)",1024,1024,../data/binary/train/others/mel02329.jpg,train
14797,1307,others,bcc,"(1024, 1024, 3)",1024,1024,../data/binary/train/others/bcc01307.jpg,train
12788,1547,others,bcc,"(1024, 1024, 3)",1024,1024,../data/binary/train/others/bcc01547.jpg,train
17036,188,others,scc,"(1024, 1024, 3)",1024,1024,../data/binary/train/others/scc00188.jpg,train
13190,63,others,def,"(1024, 1024, 3)",1024,1024,../data/binary/train/others/def00063.jpg,train
11695,1454,others,mel,"(680, 1024, 3)",680,1024,../data/binary/train/others/mel01454.jpg,train
17590,573,others,bcc,"(1024, 1024, 3)",1024,1024,../data/binary/train/others/bcc00573.jpg,train
17025,427,others,mel,"(450, 600, 3)",450,600,../data/binary/train/others/mel00427.jpg,train
17474,681,others,bcc,"(1024, 1024, 3)",1024,1024,../data/binary/train/others/bcc00681.jpg,train
15015,170,others,bkl,"(450, 600, 3)",450,600,../data/binary/train/others/bkl00170.jpg,train
12059,575,others,bkl,"(450, 600, 3)",450,600,../data/binary/train/others/bkl00575.jpg,train
11675,557,others,mel,"(1024, 1024, 3)",1024,1024,../data/binary/train/others/mel00557.jpg,train
18100,765,others,mel,"(682, 1024, 3)",682,1024,../data/binary/train/others/mel00765.jpg,train
11902,1570,others,bkl,"(1024, 1024, 3)",1024,1024,../data/binary/train/others/bkl01570.jpg,train
15207,1267,others,mel,"(1024, 1024, 3)",1024,1024,../data/binary/train/others/mel01267.jpg,train
12426,146,others,mel,"(1024, 1024, 3)",1024,1024,../data/binary/train/others/mel00146.jpg,train
15902,1047,others,bcc,"(1024, 1024, 3)",1024,1024,../data/binary/train/others/bcc01047.jpg,train
17261,217,others,bkl,"(450, 600, 3)",450,600,../data/binary/train/others/bkl00217.jpg,train
16633,441,others,bcc,"(1024, 1024, 3)",1024,1024,../data/binary/train/others/bcc00441.jpg,train
18088,1060,others,mel,"(1024, 1024, 3)",1024,1024,../data/binary/train/others/mel01060.jpg,train
14895,1574,others,bcc,"(450, 600, 3)",450,600,../data/binary/train/others/bcc01574.jpg,train
12538,35,others,vac,"(450, 600, 3)",450,600,../data/binary/train/others/vac00035.jpg,train
13352,309,others,mel,"(1024, 1024, 3)",1024,1024,../data/binary/train/others/mel00309.jpg,train
18980,1417,others,mel,"(680, 1024, 3)",680,1024,../data/binary/train/others/mel01417.jpg,train
17551,268,others,scc,"(1024, 1024, 3)",1024,1024,../data/binary/train/others/scc00268.jpg,train
16002,1767,others,mel,"(1024, 1024, 3)",1024,1024,../data/binary/train/others/mel01767.jpg,train
16871,2348,others,mel,"(450, 600, 3)",450,600,../data/binary/train/others/mel02348.jpg,train
13991,1129,others,bcc,"(1024, 1024, 3)",1024,1024,../data/binary/train/others/bcc01129.jpg,train
17304,824,others,bcc,"(1024, 1024, 3)",1024,1024,../data/binary/train/others/bcc00824.jpg,train
13554,99,others,bcc,"(1024, 1024, 3)",1024,1024,../data/binary/train/others/bcc00099.jpg,train
16973,832,others,bcc,"(450, 600, 3)",450,600,../data/binary/train/others/bcc00832.jpg,train
12758,166,others,scc,"(1024, 1024, 3)",1024,1024,../data/binary/train/others/scc00166.jpg,train
14932,723,others,bcc,"(1024, 1024, 3)",1024,1024,../data/binary/train/others/bcc00723.jpg,train
14606,1285,others,mel,"(680, 1024, 3)",680,1024,../data/binary/train/others/mel01285.jpg,train
13954,4,others,def,"(1024, 1024, 3)",1024,1024,../data/binary/train/others/def00004.jpg,train
11843,724,others,bcc,"(450, 600, 3)",450,600,../data/binary/train/others/bcc00724.jpg,train
14733,1514,others,bcc,"(1024, 1024, 3)",1024,1024,../data/binary/train/others/bcc01514.jpg,train
12212,44,others,vac,"(1024, 1024, 3)",1024,1024,../data/binary/train/others/vac00044.jpg,train
12854,144,others,bcc,"(450, 600, 3)",450,600,../data/binary/train/others/bcc00144.jpg,train
14724,953,others,bkl,"(450, 600, 3)",450,600,../data/binary/train/others/bkl00953.jpg,train
17587,176,others,mel,"(1024, 1024, 3)",1024,1024,../data/binary/train/others/mel00176.jpg,train
18846,175,others,scc,"(1024, 1024, 3)",1024,1024,../data/binary/train/others/scc00175.jpg,train
17753,281,others,mel,"(450, 600, 3)",450,600,../data/binary/train/others/mel00281.jpg,train
14593,1795,others,mel,"(1024, 1024, 3)",1024,1024,../data/binary/train/others/mel01795.jpg,train
16788,13,others,scc,"(450, 600, 3)",450,600,../data/binary/train/others/scc00013.jpg,train
16843,654,others,mel,"(1024, 1024, 3)",1024,1024,../data/binary/train/others/mel00654.jpg,train
12224,455,others,mel,"(680, 1024, 3)",680,1024,../data/binary/train/others/mel00455.jpg,train
13041,443,others,bcc,"(1024, 1024, 3)",1024,1024,../data/binary/train/others/bcc00443.jpg,train
17559,1897,others,bcc,"(1024, 1024, 3)",1024,1024,../data/binary/train/others/bcc01897.jpg,train
16391,688,others,bcc,"(1024, 1024, 3)",1024,1024,../data/binary/train/others/bcc00688.jpg,train
15196,445,others,bcc,"(1024, 1024, 3)",1024,1024,../data/binary/train/others/bcc00445.jpg,train
11830,112,others,vac,"(450, 600, 3)",450,600,../data/binary/train/others/vac00112.jpg,train
12936,184,others,bkl,"(1024, 1024, 3)",1024,1024,../data/binary/train/others/bkl00184.jpg,train
13060,2473,others,mel,"(450, 600, 3)",450,600,../data/binary/train/others/mel02473.jpg,train
17657,2344,others,mel,"(1024, 1024, 3)",1024,1024,../data/binary/train/others/mel02344.jpg,train
18093,901,others,bcc,"(450, 600, 3)",450,600,../data/binary/train/others/bcc00901.jpg,train
16936,1508,others,bcc,"(1024, 1024, 3)",1024,1024,../data/binary/train/others/bcc01508.jpg,train
17773,327,others,bkl,"(1024, 1024, 3)",1024,1024,../data/binary/train/others/bkl00327.jpg,train
12596,367,others,mel,"(450, 600, 3)",450,600,../data/binary/train/others/mel00367.jpg,train
16998,1429,others,mel,"(1024, 1024, 3)",1024,1024,../data/binary/train/others/mel01429.jpg,train
13525,2463,others,mel,"(450, 600, 3)",450,600,../data/binary/train/others/mel02463.jpg,train
12278,534,others,bkl,"(1024, 1024, 3)",1024,1024,../data/binary/train/others/bkl00534.jpg,train
13262,1366,others,bcc,"(1024, 1024, 3)",1024,1024,../data/binary/train/others/bcc01366.jpg,train
12280,843,others,bkl,"(1024, 1024, 3)",1024,1024,../data/binary/train/others/bkl00843.jpg,train
12242,102,others,ack,"(450, 600, 3)",450,600,../data/binary/train/others/ack00102.jpg,train
11682,42,others,bcc,"(1024, 1024, 3)",1024,1024,../data/binary/train/others/bcc00042.jpg,train
17473,757,others,bkl,"(1024, 1024, 3)",1024,1024,../data/binary/train/others/bkl00757.jpg,train
16929,1364,others,mel,"(1024, 1024, 3)",1024,1024,../data/binary/train/others/mel01364.jpg,train
14291,728,others,mel,"(450, 600, 3)",450,600,../data/binary/train/others/mel00728.jpg,train
14003,1257,others,mel,"(1024, 1024, 3)",1024,1024,../data/binary/train/others/mel01257.jpg,train
13480,345,others,ack,"(450, 600, 3)",450,600,../data/binary/train/others/ack00345.jpg,train
11526,1117,others,mel,"(1024, 1024, 3)",1024,1024,../data/binary/train/others/mel01117.jpg,train
16764,358,others,bcc,"(1024, 1024, 3)",1024,1024,../data/binary/train/others/bcc00358.jpg,train
18350,615,others,bkl,"(1024, 1024, 3)",1024,1024,../data/binary/train/others/bkl00615.jpg,train
17361,1213,others,bcc,"(1024, 1024, 3)",1024,1024,../data/binary/train/others/bcc01213.jpg,train
13955,1723,others,bcc,"(1024, 1024, 3)",1024,1024,../data/binary/train/others/bcc01723.jpg,train
11613,2288,others,mel,"(1024, 1024, 3)",1024,1024,../data/binary/train/others/mel02288.jpg,train
14922,346,others,scc,"(1024, 1024, 3)",1024,1024,../data/binary/train/others/scc00346.jpg,train
12104,1488,others,bkl,"(680, 1024, 3)",680,1024,../data/binary/train/others/bkl01488.jpg,train
16521,862,others,mel,"(450, 600, 3)",450,600,../data/binary/train/others/mel00862.jpg,train
13125,787,others,bcc,"(1024, 1024, 3)",1024,1024,../data/binary/train/others/bcc00787.jpg,train
11770,1033,others,bcc,"(1024, 1024, 3)",1024,1024,../data/binary/train/others/bcc01033.jpg,train
16996,545,others,bkl,"(450, 600, 3)",450,600,../data/binary/train/others/bkl00545.jpg,train
14753,1315,others,bcc,"(450, 600, 3)",450,600,../data/binary/train/others/bcc01315.jpg,train
18370,186,others,mel,"(450, 600, 3)",450,600,../data/binary/train/others/mel00186.jpg,train
13502,1544,others,bkl,"(1024, 1024, 3)",1024,1024,../data/binary/train/others/bkl01544.jpg,train
14989,1437,others,mel,"(1024, 1024, 3)",1024,1024,../data/binary/train/others/mel01437.jpg,train
17266,81,others,mel,"(1024, 1024, 3)",1024,1024,../data/binary/train/others/mel00081.jpg,train
17978,36,others,mel,"(1024, 1024, 3)",1024,1024,../data/binary/train/others/mel00036.jpg,train
16741,75,others,bkl,"(764, 1024, 3)",764,1024,../data/binary/train/others/bkl00075.jpg,train
14844,24,others,vac,"(450, 600, 3)",450,600,../data/binary/train/others/vac00024.jpg,train
11914,130,others,ack,"(450, 600, 3)",450,600,../data/binary/train/others/ack00130.jpg,train
11778,1859,others,mel,"(680, 1024, 3)",680,1024,../data/binary/train/others/mel01859.jpg,train
11892,298,others,ack,"(1024, 1024, 3)",1024,1024,../data/binary/train/others/ack00298.jpg,train
12065,146,others,ack,"(1024, 1024, 3)",1024,1024,../data/binary/train/others/ack00146.jpg,train
13440,1042,others,bcc,"(450, 600, 3)",450,600,../data/binary/train/others/bcc01042.jpg,train
13697,103,others,bkl,"(1024, 1024, 3)",1024,1024,../data/binary/train/others/bkl00103.jpg,train
15642,439,others,bkl,"(450, 600, 3)",450,600,../data/binary/train/others/bkl00439.jpg,train
12999,170,others,ack,"(1024, 1024, 3)",1024,1024,../data/binary/train/others/ack00170.jpg,train
18710,6,others,vac,"(1024, 1024, 3)",1024,1024,../data/binary/train/others/vac00006.jpg,train
12516,1018,others,bkl,"(764, 1024, 3)",764,1024,../data/binary/train/others/bkl01018.jpg,train
15521,1509,others,bkl,"(1024, 1024, 3)",1024,1024,../data/binary/train/others/bkl01509.jpg,train
18890,1040,others,bkl,"(1024, 1024, 3)",1024,1024,../data/binary/train/others/bkl01040.jpg,train
12776,726,others,bkl,"(450, 600, 3)",450,600,../data/binary/train/others/bkl00726.jpg,train
13561,1140,others,mel,"(1024, 1024, 3)",1024,1024,../data/binary/train/others/mel01140.jpg,train
15772,62,others,mel,"(450, 600, 3)",450,600,../data/binary/train/others/mel00062.jpg,train
17994,585,others,mel,"(1024, 1024, 3)",1024,1024,../data/binary/train/others/mel00585.jpg,train
17297,1005,others,bcc,"(1024, 1024, 3)",1024,1024,../data/binary/train/others/bcc01005.jpg,train
15901,1015,others,bkl,"(764, 1024, 3)",764,1024,../data/binary/train/others/bkl01015.jpg,train
15041,1126,others,mel,"(679, 1024, 3)",679,1024,../data/binary/train/others/mel01126.jpg,train
11681,549,others,bcc,"(450, 600, 3)",450,600,../data/binary/train/others/bcc00549.jpg,train
15755,448,others,mel,"(1024, 1024, 3)",1024,1024,../data/binary/train/others/mel00448.jpg,train
18853,1962,others,bcc,"(1024, 1024, 3)",1024,1024,../data/binary/train/others/bcc01962.jpg,train
16224,337,others,bkl,"(1024, 1024, 3)",1024,1024,../data/binary/train/others/bkl00337.jpg,train
18493,276,others,mel,"(450, 600, 3)",450,600,../data/binary/train/others/mel00276.jpg,train
12548,1361,others,mel,"(1024, 1024, 3)",1024,1024,../data/binary/train/others/mel01361.jpg,train
12721,181,others,mel,"(1024, 1024, 3)",1024,1024,../data/binary/train/others/mel00181.jpg,train
18045,1421,others,bcc,"(1024, 1024, 3)",1024,1024,../data/binary/train/others/bcc01421.jpg,train
11646,987,others,bkl,"(1024, 1024, 3)",1024,1024,../data/binary/train/others/bkl00987.jpg,train
12197,863,others,bkl,"(450, 600, 3)",450,600,../data/binary/train/others/bkl00863.jpg,train
17562,185,others,scc,"(1024, 1024, 3)",1024,1024,../data/binary/train/others/scc00185.jpg,train
18623,2261,others,mel,"(1024, 1024, 3)",1024,1024,../data/binary/train/others/mel02261.jpg,train
12186,76,others,bkl,"(1024, 1024, 3)",1024,1024,../data/binary/train/others/bkl00076.jpg,train
11878,1225,others,mel,"(450, 600, 3)",450,600,../data/binary/train/others/mel01225.jpg,train
13945,807,others,mel,"(1024, 1024, 3)",1024,1024,../data/binary/train/others/mel00807.jpg,train
18633,594,others,mel,"(1024, 1024, 3)",1024,1024,../data/binary/train/others/mel00594.jpg,train
17987,1002,others,bcc,"(1024, 1024, 3)",1024,1024,../data/binary/train/others/bcc01002.jpg,train
13751,1125,others,mel,"(450, 600, 3)",450,600,../data/binary/train/others/mel01125.jpg,train
18677,487,others,mel,"(450, 600, 3)",450,600,../data/binary/train/others/mel00487.jpg,train
17979,1652,others,bcc,"(1024, 1024, 3)",1024,1024,../data/binary/train/others/bcc01652.jpg,train
14943,236,others,scc,"(1024, 1024, 3)",1024,1024,../data/binary/train/others/scc00236.jpg,train
18317,384,others,ack,"(1024, 1024, 3)",1024,1024,../data/binary/train/others/ack00384.jpg,train
14516,980,others,bcc,"(1024, 1024, 3)",1024,1024,../data/binary/train/others/bcc00980.jpg,train
17784,12,others,scc,"(1024, 1024, 3)",1024,1024,../data/binary/train/others/scc00012.jpg,train
14966,195,others,bcc,"(1024, 1024, 3)",1024,1024,../data/binary/train/others/bcc00195.jpg,train
14761,2040,others,mel,"(1024, 1024, 3)",1024,1024,../data/binary/train/others/mel02040.jpg,train
11792,1677,others,mel,"(1024, 1024, 3)",1024,1024,../data/binary/train/others/mel01677.jpg,train
16426,1385,others,bcc,"(1024, 1024, 3)",1024,1024,../data/binary/train/others/bcc01385.jpg,train
12177,638,others,bcc,"(1024, 1024, 3)",1024,1024,../data/binary/train/others/bcc00638.jpg,train
15587,984,others,bkl,"(682, 1024, 3)",682,1024,../data/binary/train/others/bkl00984.jpg,train
18515,2412,others,mel,"(1024, 1024, 3)",1024,1024,../data/binary/train/others/mel02412.jpg,train
12551,581,others,bcc,"(1024, 1024, 3)",1024,1024,../data/binary/train/others/bcc00581.jpg,train
15467,260,others,bkl,"(450, 600, 3)",450,600,../data/binary/train/others/bkl00260.jpg,train
16471,916,others,mel,"(1024, 1024, 3)",1024,1024,../data/binary/train/others/mel00916.jpg,train
14274,2078,others,mel,"(1024, 1024, 3)",1024,1024,../data/binary/train/others/mel02078.jpg,train
16990,1907,others,bcc,"(1024, 1024, 3)",1024,1024,../data/binary/train/others/bcc01907.jpg,train
12283,94,others,bkl,"(1024, 1024, 3)",1024,1024,../data/binary/train/others/bkl00094.jpg,train
13408,94,others,def,"(1024, 1024, 3)",1024,1024,../data/binary/train/others/def00094.jpg,train
16680,1415,others,bcc,"(1024, 1024, 3)",1024,1024,../data/binary/train/others/bcc01415.jpg,train
12585,850,others,bkl,"(1024, 1024, 3)",1024,1024,../data/binary/train/others/bkl00850.jpg,train
18949,1021,others,mel,"(1024, 1024, 3)",1024,1024,../data/binary/train/others/mel01021.jpg,train
17424,2086,others,mel,"(1024, 1024, 3)",1024,1024,../data/binary/train/others/mel02086.jpg,train
15343,1438,others,mel,"(1024, 1024, 3)",1024,1024,../data/binary/train/others/mel01438.jpg,train
18002,222,others,bkl,"(1024, 1024, 3)",1024,1024,../data/binary/train/others/bkl00222.jpg,train
12461,1036,others,mel,"(1024, 1024, 3)",1024,1024,../data/binary/train/others/mel01036.jpg,train
13645,1351,others,bcc,"(1024, 1024, 3)",1024,1024,../data/binary/train/others/bcc01351.jpg,train
1790,8913,nevus,nev,"(768, 1024, 3)",768,1024,../data/binary/val/nevus/nev08913.jpg,val
881,7841,nevus,nev,"(1024, 1024, 3)",1024,1024,../data/binary/val/nevus/nev07841.jpg,val
872,8663,nevus,nev,"(450, 600, 3)",450,600,../data/binary/val/nevus/nev08663.jpg,val
205,7849,nevus,nev,"(768, 1024, 3)",768,1024,../data/binary/val/nevus/nev07849.jpg,val
1442,8444,nevus,nev,"(1024, 1024, 3)",1024,1024,../data/binary/val/nevus/nev08444.jpg,val
998,7844,nevus,nev,"(450, 600, 3)",450,600,../data/binary/val/nevus/nev07844.jpg,val
657,8694,nevus,nev,"(450, 600, 3)",450,600,../data/binary/val/nevus/nev08694.jpg,val
1690,7756,nevus,nev,"(1024, 1024, 3)",1024,1024,../data/binary/val/nevus/nev07756.jpg,val
907,9095,nevus,nev,"(450, 600, 3)",450,600,../data/binary/val/nevus/nev09095.jpg,val
1144,8262,nevus,nev,"(450, 600, 3)",450,600,../data/binary/val/nevus/nev08262.jpg,val
1000,7961,nevus,nev,"(450, 600, 3)",450,600,../data/binary/val/nevus/nev07961.jpg,val
951,7745,nevus,nev,"(450, 600, 3)",450,600,../data/binary/val/nevus/nev07745.jpg,val
400,9184,nevus,nev,"(1024, 1024, 3)",1024,1024,../data/binary/val/nevus/nev09184.jpg,val
1710,8010,nevus,nev,"(450, 600, 3)",450,600,../data/binary/val/nevus/nev08010.jpg,val
344,8124,nevus,nev,"(450, 600, 3)",450,600,../data/binary/val/nevus/nev08124.jpg,val
684,8151,nevus,nev,"(450, 600, 3)",450,600,../data/binary/val/nevus/nev08151.jpg,val
72,7746,nevus,nev,"(450, 600, 3)",450,600,../data/binary/val/nevus/nev07746.jpg,val
280,8141,nevus,nev,"(450, 600, 3)",450,600,../data/binary/val/nevus/nev08141.jpg,val
1303,9006,nevus,nev,"(1024, 1024, 3)",1024,1024,../data/binary/val/nevus/nev09006.jpg,val
314,8246,nevus,nev,"(450, 600, 3)",450,600,../data/binary/val/nevus/nev08246.jpg,val
483,9310,nevus,nev,"(1024, 1024, 3)",1024,1024,../data/binary/val/nevus/nev09310.jpg,val
1294,7737,nevus,nev,"(1024, 1024, 3)",1024,1024,../data/binary/val/nevus/nev07737.jpg,val
45,9645,nevus,nev,"(1024, 1024, 3)",1024,1024,../data/binary/val/nevus/nev09645.jpg,val
300,8485,nevus,nev,"(450, 600, 3)",450,600,../data/binary/val/nevus/nev08485.jpg,val
700,9065,nevus,nev,"(1024, 1024, 3)",1024,1024,../data/binary/val/nevus/nev09065.jpg,val
1473,7796,nevus,nev,"(450, 600, 3)",450,600,../data/binary/val/nevus/nev07796.jpg,val
306,9216,nevus,nev,"(1024, 1024, 3)",1024,1024,../data/binary/val/nevus/nev09216.jpg,val
1116,9502,nevus,nev,"(450, 600, 3)",450,600,../data/binary/val/nevus/nev09502.jpg,val
1465,8728,nevus,nev,"(1024, 1024, 3)",1024,1024,../data/binary/val/nevus/nev08728.jpg,val
925,7980,nevus,nev,"(450, 600, 3)",450,600,../data/binary/val/nevus/nev07980.jpg,val
1748,8654,nevus,nev,"(450, 600, 3)",450,600,../data/binary/val/nevus/nev08654.jpg,val
1001,9101,nevus,nev,"(450, 600, 3)",450,600,../data/binary/val/nevus/nev09101.jpg,val
667,9364,nevus,nev,"(1024, 1024, 3)",1024,1024,../data/binary/val/nevus/nev09364.jpg,val
1764,8532,nevus,nev,"(450, 600, 3)",450,600,../data/binary/val/nevus/nev08532.jpg,val
494,8260,nevus,nev,"(680, 1024, 3)",680,1024,../data/binary/val/nevus/nev08260.jpg,val
1769,9074,nevus,nev,"(450, 600, 3)",450,600,../data/binary/val/nevus/nev09074.jpg,val
272,8587,nevus,nev,"(450, 600, 3)",450,600,../data/binary/val/nevus/nev08587.jpg,val
80,8279,nevus,nev,"(680, 1024, 3)",680,1024,../data/binary/val/nevus/nev08279.jpg,val
1661,9263,nevus,nev,"(682, 1024, 3)",682,1024,../data/binary/val/nevus/nev09263.jpg,val
1312,8829,nevus,nev,"(768, 1024, 3)",768,1024,../data/binary/val/nevus/nev08829.jpg,val
659,8647,nevus,nev,"(685, 1024, 3)",685,1024,../data/binary/val/nevus/nev08647.jpg,val
1779,9249,nevus,nev,"(685, 1024, 3)",685,1024,../data/binary/val/nevus/nev09249.jpg,val
1908,9222,nevus,nev,"(1024, 1024, 3)",1024,1024,../data/binary/val/nevus/nev09222.jpg,val
1577,9592,nevus,nev,"(450, 600, 3)",450,600,../data/binary/val/nevus/nev09592.jpg,val
579,9049,nevus,nev,"(1024, 1024, 3)",1024,1024,../data/binary/val/nevus/nev09049.jpg,val
1519,7934,nevus,nev,"(1024, 1024, 3)",1024,1024,../data/binary/val/nevus/nev07934.jpg,val
790,9569,nevus,nev,"(680, 1024, 3)",680,1024,../data/binary/val/nevus/nev09569.jpg,val
661,7850,nevus,nev,"(450, 600, 3)",450,600,../data/binary/val/nevus/nev07850.jpg,val
807,8085,nevus,nev,"(1024, 1024, 3)",1024,1024,../data/binary/val/nevus/nev08085.jpg,val
936,8703,nevus,nev,"(1024, 1024, 3)",1024,1024,../data/binary/val/nevus/nev08703.jpg,val
212,8468,nevus,nev,"(450, 600, 3)",450,600,../data/binary/val/nevus/nev08468.jpg,val
1714,8922,nevus,nev,"(1024, 1024, 3)",1024,1024,../data/binary/val/nevus/nev08922.jpg,val
111,8729,nevus,nev,"(1024, 1024, 3)",1024,1024,../data/binary/val/nevus/nev08729.jpg,val
83,9085,nevus,nev,"(450, 600, 3)",450,600,../data/binary/val/nevus/nev09085.jpg,val
1743,7752,nevus,nev,"(1024, 1024, 3)",1024,1024,../data/binary/val/nevus/nev07752.jpg,val
1763,8716,nevus,nev,"(450, 600, 3)",450,600,../data/binary/val/nevus/nev08716.jpg,val
1292,8605,nevus,nev,"(1024, 1024, 3)",1024,1024,../data/binary/val/nevus/nev08605.jpg,val
1258,8087,nevus,nev,"(768, 1024, 3)",768,1024,../data/binary/val/nevus/nev08087.jpg,val
1612,8033,nevus,nev,"(1024, 1024, 3)",1024,1024,../data/binary/val/nevus/nev08033.jpg,val
34,8819,nevus,nev,"(450, 600, 3)",450,600,../data/binary/val/nevus/nev08819.jpg,val
1188,9048,nevus,nev,"(1024, 1024, 3)",1024,1024,../data/binary/val/nevus/nev09048.jpg,val
1421,7852,nevus,nev,"(450, 600, 3)",450,600,../data/binary/val/nevus/nev07852.jpg,val
883,8934,nevus,nev,"(1024, 1024, 3)",1024,1024,../data/binary/val/nevus/nev08934.jpg,val
1164,8542,nevus,nev,"(1024, 1024, 3)",1024,1024,../data/binary/val/nevus/nev08542.jpg,val
1196,8726,nevus,nev,"(1024, 1024, 3)",1024,1024,../data/binary/val/nevus/nev08726.jpg,val
1008,9524,nevus,nev,"(1024, 1024, 3)",1024,1024,../data/binary/val/nevus/nev09524.jpg,val
232,8799,nevus,nev,"(1024, 1024, 3)",1024,1024,../data/binary/val/nevus/nev08799.jpg,val
820,8062,nevus,nev,"(450, 600, 3)",450,600,../data/binary/val/nevus/nev08062.jpg,val
953,7799,nevus,nev,"(450, 600, 3)",450,600,../data/binary/val/nevus/nev07799.jpg,val
1411,8946,nevus,nev,"(1024, 1024, 3)",1024,1024,../data/binary/val/nevus/nev08946.jpg,val
1689,8506,nevus,nev,"(450, 600, 3)",450,600,../data/binary/val/nevus/nev08506.jpg,val
1234,8105,nevus,nev,"(450, 600, 3)",450,600,../data/binary/val/nevus/nev08105.jpg,val
1045,8891,nevus,nev,"(1024, 1024, 3)",1024,1024,../data/binary/val/nevus/nev08891.jpg,val
640,9422,nevus,nev,"(450, 600, 3)",450,600,../data/binary/val/nevus/nev09422.jpg,val
927,8835,nevus,nev,"(450, 600, 3)",450,600,../data/binary/val/nevus/nev08835.jpg,val
1146,8384,nevus,nev,"(450, 600, 3)",450,600,../data/binary/val/nevus/nev08384.jpg,val
374,9011,nevus,nev,"(1024, 1024, 3)",1024,1024,../data/binary/val/nevus/nev09011.jpg,val
959,7895,nevus,nev,"(1024, 1024, 3)",1024,1024,../data/binary/val/nevus/nev07895.jpg,val
1023,8600,nevus,nev,"(576, 767, 3)",576,767,../data/binary/val/nevus/nev08600.jpg,val
104,8020,nevus,nev,"(802, 919, 3)",802,919,../data/binary/val/nevus/nev08020.jpg,val
1808,7930,nevus,nev,"(450, 600, 3)",450,600,../data/binary/val/nevus/nev07930.jpg,val
1361,8498,nevus,nev,"(450, 600, 3)",450,600,../data/binary/val/nevus/nev08498.jpg,val
999,8021,nevus,nev,"(450, 600, 3)",450,600,../data/binary/val/nevus/nev08021.jpg,val
1378,8096,nevus,nev,"(1024, 1024, 3)",1024,1024,../data/binary/val/nevus/nev08096.jpg,val
1479,8224,nevus,nev,"(1024, 1024, 3)",1024,1024,../data/binary/val/nevus/nev08224.jpg,val
1305,7739,nevus,nev,"(450, 600, 3)",450,600,../data/binary/val/nevus/nev07739.jpg,val
966,8273,nevus,nev,"(450, 600, 3)",450,600,../data/binary/val/nevus/nev08273.jpg,val
1870,8099,nevus,nev,"(450, 600, 3)",450,600,../data/binary/val/nevus/nev08099.jpg,val
1169,9362,nevus,nev,"(1024, 1024, 3)",1024,1024,../data/binary/val/nevus/nev09362.jpg,val
221,8653,nevus,nev,"(450, 600, 3)",450,600,../data/binary/val/nevus/nev08653.jpg,val
91,7948,nevus,nev,"(768, 1024, 3)",768,1024,../data/binary/val/nevus/nev07948.jpg,val
416,8165,nevus,nev,"(450, 600, 3)",450,600,../data/binary/val/nevus/nev08165.jpg,val
328,8093,nevus,nev,"(450, 600, 3)",450,600,../data/binary/val/nevus/nev08093.jpg,val
1478,9247,nevus,nev,"(1024, 1024, 3)",1024,1024,../data/binary/val/nevus/nev09247.jpg,val
541,8438,nevus,nev,"(450, 600, 3)",450,600,../data/binary/val/nevus/nev08438.jpg,val
1135,9251,nevus,nev,"(1024, 1024, 3)",1024,1024,../data/binary/val/nevus/nev09251.jpg,val
13,7897,nevus,nev,"(450, 600, 3)",450,600,../data/binary/val/nevus/nev07897.jpg,val
866,9079,nevus,nev,"(450, 600, 3)",450,600,../data/binary/val/nevus/nev09079.jpg,val
1071,8037,nevus,nev,"(450, 600, 3)",450,600,../data/binary/val/nevus/nev08037.jpg,val
1843,9007,nevus,nev,"(1024, 1024, 3)",1024,1024,../data/binary/val/nevus/nev09007.jpg,val
3408,3282,others,mel,"(1024, 1024, 3)",1024,1024,../data/binary/val/others/mel03282.jpg,val
3437,3263,others,mel,"(1024, 1024, 3)",1024,1024,../data/binary/val/others/mel03263.jpg,val
2795,3061,others,mel,"(1024, 1024, 3)",1024,1024,../data/binary/val/others/mel03061.jpg,val
3591,428,others,scc,"(1024, 1024, 3)",1024,1024,../data/binary/val/others/scc00428.jpg,val
3489,2775,others,mel,"(450, 600, 3)",450,600,../data/binary/val/others/mel02775.jpg,val
3307,1666,others,bkl,"(1024, 1024, 3)",1024,1024,../data/binary/val/others/bkl01666.jpg,val
2278,2974,others,mel,"(1024, 1024, 3)",1024,1024,../data/binary/val/others/mel02974.jpg,val
2128,1642,others,bkl,"(683, 1024, 3)",683,1024,../data/binary/val/others/bkl01642.jpg,val
2407,3015,others,mel,"(450, 600, 3)",450,600,../data/binary/val/others/mel03015.jpg,val
3462,1889,others,bkl,"(1024, 1024, 3)",1024,1024,../data/binary/val/others/bkl01889.jpg,val
3256,2740,others,mel,"(1024, 1024, 3)",1024,1024,../data/binary/val/others/mel02740.jpg,val
3481,1799,others,bkl,"(680, 1024, 3)",680,1024,../data/binary/val/others/bkl01799.jpg,val
2479,2141,others,bcc,"(1024, 1024, 3)",1024,1024,../data/binary/val/others/bcc02141.jpg,val
3630,3330,others,mel,"(1024, 1024, 3)",1024,1024,../data/binary/val/others/mel03330.jpg,val
2393,1698,others,bkl,"(1024, 1024, 3)",1024,1024,../data/binary/val/others/bkl01698.jpg,val
3734,3182,others,mel,"(1024, 1024, 3)",1024,1024,../data/binary/val/others/mel03182.jpg,val
2253,2341,others,bcc,"(450, 600, 3)",450,600,../data/binary/val/others/bcc02341.jpg,val
3732,2900,others,mel,"(719, 824, 3)",719,824,../data/binary/val/others/mel02900.jpg,val
2901,3036,others,mel,"(1024, 1024, 3)",1024,1024,../data/binary/val/others/mel03036.jpg,val
2067,2766,others,mel,"(1024, 1024, 3)",1024,1024,../data/binary/val/others/mel02766.jpg,val
2513,415,others,scc,"(1024, 1024, 3)",1024,1024,../data/binary/val/others/scc00415.jpg,val
2431,2060,others,bcc,"(1024, 1024, 3)",1024,1024,../data/binary/val/others/bcc02060.jpg,val
3280,2351,others,bcc,"(1024, 1024, 3)",1024,1024,../data/binary/val/others/bcc02351.jpg,val
2646,2952,others,mel,"(1024, 1024, 3)",1024,1024,../data/binary/val/others/mel02952.jpg,val
2610,2195,others,bcc,"(1024, 1024, 3)",1024,1024,../data/binary/val/others/bcc02195.jpg,val
2905,1940,others,bkl,"(680, 1024, 3)",680,1024,../data/binary/val/others/bkl01940.jpg,val
3279,3272,others,mel,"(1024, 1024, 3)",1024,1024,../data/binary/val/others/mel03272.jpg,val
2648,2803,others,mel,"(1024, 1024, 3)",1024,1024,../data/binary/val/others/mel02803.jpg,val
2730,3025,others,mel,"(450, 600, 3)",450,600,../data/binary/val/others/mel03025.jpg,val
3443,2761,others,mel,"(1024, 1024, 3)",1024,1024,../data/binary/val/others/mel02761.jpg,val
2048,1808,others,bkl,"(1024, 1024, 3)",1024,1024,../data/binary/val/others/bkl01808.jpg,val
2397,1887,others,bkl,"(450, 600, 3)",450,600,../data/binary/val/others/bkl01887.jpg,val
3396,1579,others,bkl,"(764, 1024, 3)",764,1024,../data/binary/val/others/bkl01579.jpg,val
2296,3083,others,mel,"(1024, 1024, 3)",1024,1024,../data/binary/val/others/mel03083.jpg,val
3390,565,others,ack,"(1024, 1024, 3)",1024,1024,../data/binary/val/others/ack00565.jpg,val
3242,3338,others,mel,"(768, 1024, 3)",768,1024,../data/binary/val/others/mel03338.jpg,val
2382,3086,others,mel,"(767, 1022, 3)",767,1022,../data/binary/val/others/mel03086.jpg,val
2623,3285,others,mel,"(1024, 1024, 3)",1024,1024,../data/binary/val/others/mel03285.jpg,val
2260,1997,others,bcc,"(1024, 1024, 3)",1024,1024,../data/binary/val/others/bcc01997.jpg,val
2853,1765,others,bkl,"(1024, 1024, 3)",1024,1024,../data/binary/val/others/bkl01765.jpg,val
3782,2364,others,bcc,"(1024, 1024, 3)",1024,1024,../data/binary/val/others/bcc02364.jpg,val
2614,551,others,ack,"(1024, 1024, 3)",1024,1024,../data/binary/val/others/ack00551.jpg,val
2903,391,others,scc,"(1024, 1024, 3)",1024,1024,../data/binary/val/others/scc00391.jpg,val
3625,3193,others,mel,"(680, 1024, 3)",680,1024,../data/binary/val/others/mel03193.jpg,val
2138,396,others,scc,"(450, 600, 3)",450,600,../data/binary/val/others/scc00396.jpg,val
3200,1592,others,bkl,"(450, 600, 3)",450,600,../data/binary/val/others/bkl01592.jpg,val
2264,535,others,ack,"(450, 600, 3)",450,600,../data/binary/val/others/ack00535.jpg,val
3287,1634,others,bkl,"(1024, 1024, 3)",1024,1024,../data/binary/val/others/bkl01634.jpg,val
2985,182,others,vac,"(450, 600, 3)",450,600,../data/binary/val/others/vac00182.jpg,val
2373,1857,others,bkl,"(450, 600, 3)",450,600,../data/binary/val/others/bkl01857.jpg,val
3629,2255,others,bcc,"(1024, 1024, 3)",1024,1024,../data/binary/val/others/bcc02255.jpg,val
3108,1868,others,bkl,"(1024, 1024, 3)",1024,1024,../data/binary/val/others/bkl01868.jpg,val
2954,2133,others,bcc,"(1024, 1024, 3)",1024,1024,../data/binary/val/others/bcc02133.jpg,val
3124,523,others,ack,"(1024, 1024, 3)",1024,1024,../data/binary/val/others/ack00523.jpg,val
2493,160,others,def,"(1024, 1024, 3)",1024,1024,../data/binary/val/others/def00160.jpg,val
2318,2813,others,mel,"(680, 1024, 3)",680,1024,../data/binary/val/others/mel02813.jpg,val
2122,3266,others,mel,"(1024, 1024, 3)",1024,1024,../data/binary/val/others/mel03266.jpg,val
3189,576,others,ack,"(1024, 1024, 3)",1024,1024,../data/binary/val/others/ack00576.jpg,val
2330,1615,others,bkl,"(1024, 1024, 3)",1024,1024,../data/binary/val/others/bkl01615.jpg,val
3186,3286,others,mel,"(680, 1024, 3)",680,1024,../data/binary/val/others/mel03286.jpg,val
3168,3133,others,mel,"(1024, 1024, 3)",1024,1024,../data/binary/val/others/mel03133.jpg,val
2546,3387,others,mel,"(1024, 1024, 3)",1024,1024,../data/binary/val/others/mel03387.jpg,val
2323,1701,others,bkl,"(1024, 1024, 3)",1024,1024,../data/binary/val/others/bkl01701.jpg,val
3495,175,others,def,"(450, 600, 3)",450,600,../data/binary/val/others/def00175.jpg,val
2501,2136,others,bcc,"(1024, 1024, 3)",1024,1024,../data/binary/val/others/bcc02136.jpg,val
3461,2883,others,mel,"(1024, 1024, 3)",1024,1024,../data/binary/val/others/mel02883.jpg,val
2448,2124,others,bcc,"(1024, 1024, 3)",1024,1024,../data/binary/val/others/bcc02124.jpg,val
2053,2192,others,bcc,"(1024, 1024, 3)",1024,1024,../data/binary/val/others/bcc02192.jpg,val
3642,1880,others,bkl,"(1024, 1024, 3)",1024,1024,../data/binary/val/others/bkl01880.jpg,val
2460,178,others,def,"(1024, 1024, 3)",1024,1024,../data/binary/val/others/def00178.jpg,val
2890,2728,others,mel,"(1024, 1024, 3)",1024,1024,../data/binary/val/others/mel02728.jpg,val
3379,3309,others,mel,"(1024, 1024, 3)",1024,1024,../data/binary/val/others/mel03309.jpg,val
3531,172,others,vac,"(450, 600, 3)",450,600,../data/binary/val/others/vac00172.jpg,val
2621,2824,others,mel,"(1024, 1024, 3)",1024,1024,../data/binary/val/others/mel02824.jpg,val
3100,1966,others,bkl,"(450, 600, 3)",450,600,../data/binary/val/others/bkl01966.jpg,val
3781,604,others,ack,"(1024, 1024, 3)",1024,1024,../data/binary/val/others/ack00604.jpg,val
2424,1898,others,bkl,"(764, 1024, 3)",764,1024,../data/binary/val/others/bkl01898.jpg,val
3745,3149,others,mel,"(576, 767, 3)",576,767,../data/binary/val/others/mel03149.jpg,val
3545,1998,others,bcc,"(1024, 1024, 3)",1024,1024,../data/binary/val/others/bcc01998.jpg,val
2608,3211,others,mel,"(1024, 1024, 3)",1024,1024,../data/binary/val/others/mel03211.jpg,val
2032,400,others,scc,"(450, 600, 3)",450,600,../data/binary/val/others/scc00400.jpg,val
3790,1581,others,bkl,"(1024, 1024, 3)",1024,1024,../data/binary/val/others/bkl01581.jpg,val
2434,1706,others,bkl,"(1024, 1024, 3)",1024,1024,../data/binary/val/others/bkl01706.jpg,val
3445,2922,others,mel,"(1024, 1024, 3)",1024,1024,../data/binary/val/others/mel02922.jpg,val
2404,177,others,vac,"(450, 600, 3)",450,600,../data/binary/val/others/vac00177.jpg,val
3534,2298,others,bcc,"(1024, 1024, 3)",1024,1024,../data/binary/val/others/bcc02298.jpg,val
2446,2075,others,bcc,"(1024, 1024, 3)",1024,1024,../data/binary/val/others/bcc02075.jpg,val
2870,1640,others,bkl,"(450, 600, 3)",450,600,../data/binary/val/others/bkl01640.jpg,val
2804,2143,others,bcc,"(450, 600, 3)",450,600,../data/binary/val/others/bcc02143.jpg,val
3151,1912,others,bkl,"(680, 1024, 3)",680,1024,../data/binary/val/others/bkl01912.jpg,val
2847,2957,others,mel,"(1024, 1024, 3)",1024,1024,../data/binary/val/others/mel02957.jpg,val
2170,1707,others,bkl,"(1024, 1024, 3)",1024,1024,../data/binary/val/others/bkl01707.jpg,val
2886,1894,others,bkl,"(1024, 1024, 3)",1024,1024,../data/binary/val/others/bkl01894.jpg,val
2312,3056,others,mel,"(1024, 1024, 3)",1024,1024,../data/binary/val/others/mel03056.jpg,val
2220,2055,others,bcc,"(1024, 1024, 3)",1024,1024,../data/binary/val/others/bcc02055.jpg,val
3092,2860,others,mel,"(1024, 1024, 3)",1024,1024,../data/binary/val/others/mel02860.jpg,val
2225,544,others,ack,"(450, 600, 3)",450,600,../data/binary/val/others/ack00544.jpg,val
2238,3364,others,mel,"(680, 1024, 3)",680,1024,../data/binary/val/others/mel03364.jpg,val
3083,455,others,scc,"(1024, 1024, 3)",1024,1024,../data/binary/val/others/scc00455.jpg,val
3633,3010,others,mel,"(450, 600, 3)",450,600,../data/binary/val/others/mel03010.jpg,val
